paper,item_type,markdown_line_start,markdown_line_end_or_pdf_page_count,pdf_page,enclosing_section,item,markdown_source,pdf_projection
Knowledge,reference_entry,718,718,28,References,"Baader, F., Calvanese, D., McGuinness, D. L., Nardi, D., and Patel-Schneider, P. F., eds. (2003). The Description Logic Handbook: Theory, Implementation and Applications. Cambridge University Press. [Publisher record](https://books.google.com/books?id=riSeOKw5I6sC).",00_GOVERNANCE/01_Product_Vision/01_FOUNDATION/Knowledge/SymK_Foundation_Paper_Knowledge_v0.1.md,00_GOVERNANCE/01_Product_Vision/01_FOUNDATION/Knowledge/SymK_Foundation_Paper_Knowledge_v0.1.pdf
Knowledge,reference_entry,720,720,28,References,"Brachman, R. J., and Levesque, H. J. (2004). Knowledge Representation and Reasoning. Morgan Kaufmann. [Publisher sample chapter](https://booksite.elsevier.com/samplechapters/9781558609327/9781558609327.PDF).",00_GOVERNANCE/01_Product_Vision/01_FOUNDATION/Knowledge/SymK_Foundation_Paper_Knowledge_v0.1.md,00_GOVERNANCE/01_Product_Vision/01_FOUNDATION/Knowledge/SymK_Foundation_Paper_Knowledge_v0.1.pdf
Knowledge,reference_entry,722,722,28,References,"Pavese, C. (2022). “Knowledge How.” Stanford Encyclopedia of Philosophy, Fall 2022 edition. [Stable entry](https://plato.stanford.edu/archives/fall2022/entries/knowledge-how/).",00_GOVERNANCE/01_Product_Vision/01_FOUNDATION/Knowledge/SymK_Foundation_Paper_Knowledge_v0.1.md,00_GOVERNANCE/01_Product_Vision/01_FOUNDATION/Knowledge/SymK_Foundation_Paper_Knowledge_v0.1.pdf
Knowledge,reference_entry,724,724,28,References,"Hasan, A., and Fumerton, R. (2024). “Knowledge by Acquaintance vs. Description.” Stanford Encyclopedia of Philosophy, Summer 2024 edition. [Stable entry](https://plato.stanford.edu/archives/sum2024/entries/knowledge-acquaindescrip/).",00_GOVERNANCE/01_Product_Vision/01_FOUNDATION/Knowledge/SymK_Foundation_Paper_Knowledge_v0.1.md,00_GOVERNANCE/01_Product_Vision/01_FOUNDATION/Knowledge/SymK_Foundation_Paper_Knowledge_v0.1.pdf
Knowledge,reference_entry,726,726,28,References,"Gettier, E. L. (1963). “Is Justified True Belief Knowledge?” Analysis, 23(6), 121–123. [DOI and journal record](https://academic.oup.com/analysis/article-abstract/23/6/121/109949).",00_GOVERNANCE/01_Product_Vision/01_FOUNDATION/Knowledge/SymK_Foundation_Paper_Knowledge_v0.1.md,00_GOVERNANCE/01_Product_Vision/01_FOUNDATION/Knowledge/SymK_Foundation_Paper_Knowledge_v0.1.pdf
Knowledge,reference_entry,728,728,28,References,"Rendsvig, R., Symons, J., and Wang, Y. (2025). “Epistemic Logic.” Stanford Encyclopedia of Philosophy, Summer 2025 edition. [Stable entry](https://plato.stanford.edu/archives/sum2025/entries/logic-epistemic/).",00_GOVERNANCE/01_Product_Vision/01_FOUNDATION/Knowledge/SymK_Foundation_Paper_Knowledge_v0.1.md,00_GOVERNANCE/01_Product_Vision/01_FOUNDATION/Knowledge/SymK_Foundation_Paper_Knowledge_v0.1.pdf
Knowledge,reference_entry,730,730,28,References,"Hogan, A., Blomqvist, E., Cochez, M., et al. (2021). “Knowledge Graphs.” ACM Computing Surveys, 54(4), Article 71. [DOI](https://doi.org/10.1145/3447772); [open manuscript](https://arxiv.org/abs/2003.02320).",00_GOVERNANCE/01_Product_Vision/01_FOUNDATION/Knowledge/SymK_Foundation_Paper_Knowledge_v0.1.md,00_GOVERNANCE/01_Product_Vision/01_FOUNDATION/Knowledge/SymK_Foundation_Paper_Knowledge_v0.1.pdf
Knowledge,reference_entry,732,732,28,References,"Ichikawa, J., and Steup, M. (2026). “The Analysis of Knowledge.” Stanford Encyclopedia of Philosophy, Summer 2026 edition. [Stable entry](https://plato.stanford.edu/archives/sum2026/entries/knowledge-analysis/).",00_GOVERNANCE/01_Product_Vision/01_FOUNDATION/Knowledge/SymK_Foundation_Paper_Knowledge_v0.1.md,00_GOVERNANCE/01_Product_Vision/01_FOUNDATION/Knowledge/SymK_Foundation_Paper_Knowledge_v0.1.pdf
Knowledge,reference_entry,734,734,28,References,"Minsky, M. (1974/1975). “A Framework for Representing Knowledge.” MIT-AI Laboratory Memo 306; reprinted in The Psychology of Computer Vision. [MIT text](https://www.mit.edu/~dxh/marvin/web.media.mit.edu/~minsky/papers/Frames/frames.html).",00_GOVERNANCE/01_Product_Vision/01_FOUNDATION/Knowledge/SymK_Foundation_Paper_Knowledge_v0.1.md,00_GOVERNANCE/01_Product_Vision/01_FOUNDATION/Knowledge/SymK_Foundation_Paper_Knowledge_v0.1.pdf
Knowledge,reference_entry,736,736,28,References,"Petroni, F., Rocktäschel, T., Riedel, S., Lewis, P., Bakhtin, A., Wu, Y., and Miller, A. (2019). “Language Models as Knowledge Bases?” In Proceedings of EMNLP-IJCNLP 2019, 2463–2473. [ACL Anthology](https://aclanthology.org/D19-1250/). DOI: [10.18653/v1/D19-1250](https://doi.org/10.18653/v1/D19-1250).",00_GOVERNANCE/01_Product_Vision/01_FOUNDATION/Knowledge/SymK_Foundation_Paper_Knowledge_v0.1.md,00_GOVERNANCE/01_Product_Vision/01_FOUNDATION/Knowledge/SymK_Foundation_Paper_Knowledge_v0.1.pdf
Knowledge,reference_entry,738,738,28,References,"Quillian, M. R. (1968). “Semantic Networks.” In M. Minsky, ed., Semantic Information Processing. MIT Press. [Bibliographic record](https://philpapers.org/rec/QUISN).",00_GOVERNANCE/01_Product_Vision/01_FOUNDATION/Knowledge/SymK_Foundation_Paper_Knowledge_v0.1.md,00_GOVERNANCE/01_Product_Vision/01_FOUNDATION/Knowledge/SymK_Foundation_Paper_Knowledge_v0.1.pdf
Knowledge,reference_entry,740,740,28,References,"Richardson, M., and Domingos, P. (2006). “Markov Logic Networks.” Machine Learning, 62, 107–136. [DOI](https://doi.org/10.1007/s10994-006-5833-1).",00_GOVERNANCE/01_Product_Vision/01_FOUNDATION/Knowledge/SymK_Foundation_Paper_Knowledge_v0.1.md,00_GOVERNANCE/01_Product_Vision/01_FOUNDATION/Knowledge/SymK_Foundation_Paper_Knowledge_v0.1.pdf
Knowledge,reference_entry,742,742,28,References,"Russell, B. (1910–11). “Knowledge by Acquaintance and Knowledge by Description.” Proceedings of the Aristotelian Society, 11, 108–128.",00_GOVERNANCE/01_Product_Vision/01_FOUNDATION/Knowledge/SymK_Foundation_Paper_Knowledge_v0.1.md,00_GOVERNANCE/01_Product_Vision/01_FOUNDATION/Knowledge/SymK_Foundation_Paper_Knowledge_v0.1.pdf
Knowledge,reference_entry,744,744,28,References,"Russell, B. (1912). The Problems of Philosophy. Williams and Norgate.",00_GOVERNANCE/01_Product_Vision/01_FOUNDATION/Knowledge/SymK_Foundation_Paper_Knowledge_v0.1.md,00_GOVERNANCE/01_Product_Vision/01_FOUNDATION/Knowledge/SymK_Foundation_Paper_Knowledge_v0.1.pdf
Knowledge,reference_entry,746,746,28,References,"Ryle, G. (1949). The Concept of Mind. Hutchinson.",00_GOVERNANCE/01_Product_Vision/01_FOUNDATION/Knowledge/SymK_Foundation_Paper_Knowledge_v0.1.md,00_GOVERNANCE/01_Product_Vision/01_FOUNDATION/Knowledge/SymK_Foundation_Paper_Knowledge_v0.1.pdf
Knowledge,reference_entry,748,748,28,References,"Williamson, T. (2000). Knowledge and Its Limits. Oxford University Press.",00_GOVERNANCE/01_Product_Vision/01_FOUNDATION/Knowledge/SymK_Foundation_Paper_Knowledge_v0.1.md,00_GOVERNANCE/01_Product_Vision/01_FOUNDATION/Knowledge/SymK_Foundation_Paper_Knowledge_v0.1.pdf
Knowledge,reference_entry,750,750,28,References,"W3C (2012). OWL 2 Web Ontology Language Document Overview, Second Edition. W3C Recommendation. [Specification](https://www.w3.org/TR/owl2-overview/).",00_GOVERNANCE/01_Product_Vision/01_FOUNDATION/Knowledge/SymK_Foundation_Paper_Knowledge_v0.1.md,00_GOVERNANCE/01_Product_Vision/01_FOUNDATION/Knowledge/SymK_Foundation_Paper_Knowledge_v0.1.pdf
Knowledge,reference_entry,752,752,28,References,W3C (2014). RDF 1.1 Concepts and Abstract Syntax. W3C Recommendation. [Specification](https://www.w3.org/TR/rdf11-concepts/).,00_GOVERNANCE/01_Product_Vision/01_FOUNDATION/Knowledge/SymK_Foundation_Paper_Knowledge_v0.1.md,00_GOVERNANCE/01_Product_Vision/01_FOUNDATION/Knowledge/SymK_Foundation_Paper_Knowledge_v0.1.pdf
Knowledge,inline_citation,60,60,6,2. The first correction: there is no simple historical definition to inherit,Ichikawa and Steup 2026,00_GOVERNANCE/01_Product_Vision/01_FOUNDATION/Knowledge/SymK_Foundation_Paper_Knowledge_v0.1.md,00_GOVERNANCE/01_Product_Vision/01_FOUNDATION/Knowledge/SymK_Foundation_Paper_Knowledge_v0.1.pdf
Knowledge,inline_citation,72,72,6,2.1 The Gettier rupture,Gettier 1963,00_GOVERNANCE/01_Product_Vision/01_FOUNDATION/Knowledge/SymK_Foundation_Paper_Knowledge_v0.1.md,00_GOVERNANCE/01_Product_Vision/01_FOUNDATION/Knowledge/SymK_Foundation_Paper_Knowledge_v0.1.pdf
Knowledge,inline_citation,98,98,7,2.3 Knowledge may be primitive without being unstructured,Williamson 2000; Ichikawa and Steup 2026,00_GOVERNANCE/01_Product_Vision/01_FOUNDATION/Knowledge/SymK_Foundation_Paper_Knowledge_v0.1.md,00_GOVERNANCE/01_Product_Vision/01_FOUNDATION/Knowledge/SymK_Foundation_Paper_Knowledge_v0.1.pdf
Knowledge,inline_citation,127,127,8,3.2 Practical knowledge: knowing how,Ryle 1949; Pavese 2022,00_GOVERNANCE/01_Product_Vision/01_FOUNDATION/Knowledge/SymK_Foundation_Paper_Knowledge_v0.1.md,00_GOVERNANCE/01_Product_Vision/01_FOUNDATION/Knowledge/SymK_Foundation_Paper_Knowledge_v0.1.pdf
Knowledge,inline_citation,143,143,9,3.3 Knowledge by acquaintance or familiarity,"Russell 1910–11, 1912",00_GOVERNANCE/01_Product_Vision/01_FOUNDATION/Knowledge/SymK_Foundation_Paper_Knowledge_v0.1.md,00_GOVERNANCE/01_Product_Vision/01_FOUNDATION/Knowledge/SymK_Foundation_Paper_Knowledge_v0.1.pdf
Knowledge,inline_citation,216,216,11,5.1 Epistemic modal logic,"Rendsvig, Symons, and Wang 2025",00_GOVERNANCE/01_Product_Vision/01_FOUNDATION/Knowledge/SymK_Foundation_Paper_Knowledge_v0.1.md,00_GOVERNANCE/01_Product_Vision/01_FOUNDATION/Knowledge/SymK_Foundation_Paper_Knowledge_v0.1.pdf
Knowledge,inline_citation,228,228,11,5.3 Semantic networks and frames,Quillian 1968; Minsky 1974/1975,00_GOVERNANCE/01_Product_Vision/01_FOUNDATION/Knowledge/SymK_Foundation_Paper_Knowledge_v0.1.md,00_GOVERNANCE/01_Product_Vision/01_FOUNDATION/Knowledge/SymK_Foundation_Paper_Knowledge_v0.1.pdf
Knowledge,inline_citation,234,234,12,5.4 Description logics and OWL,W3C 2012,00_GOVERNANCE/01_Product_Vision/01_FOUNDATION/Knowledge/SymK_Foundation_Paper_Knowledge_v0.1.md,00_GOVERNANCE/01_Product_Vision/01_FOUNDATION/Knowledge/SymK_Foundation_Paper_Knowledge_v0.1.pdf
Knowledge,inline_citation,240,240,12,5.5 Ontologies and knowledge graphs,W3C 2014,00_GOVERNANCE/01_Product_Vision/01_FOUNDATION/Knowledge/SymK_Foundation_Paper_Knowledge_v0.1.md,00_GOVERNANCE/01_Product_Vision/01_FOUNDATION/Knowledge/SymK_Foundation_Paper_Knowledge_v0.1.pdf
Knowledge,inline_citation,240,240,12,5.5 Ontologies and knowledge graphs,Hogan et al. 2021,00_GOVERNANCE/01_Product_Vision/01_FOUNDATION/Knowledge/SymK_Foundation_Paper_Knowledge_v0.1.md,00_GOVERNANCE/01_Product_Vision/01_FOUNDATION/Knowledge/SymK_Foundation_Paper_Knowledge_v0.1.pdf
Knowledge,inline_citation,253,253,12,5.6 Probabilistic representations,Richardson and Domingos 2006,00_GOVERNANCE/01_Product_Vision/01_FOUNDATION/Knowledge/SymK_Foundation_Paper_Knowledge_v0.1.md,00_GOVERNANCE/01_Product_Vision/01_FOUNDATION/Knowledge/SymK_Foundation_Paper_Knowledge_v0.1.pdf
Knowledge,inline_citation,259,259,12,5.7 Neural representations,Petroni et al. 2019,00_GOVERNANCE/01_Product_Vision/01_FOUNDATION/Knowledge/SymK_Foundation_Paper_Knowledge_v0.1.md,00_GOVERNANCE/01_Product_Vision/01_FOUNDATION/Knowledge/SymK_Foundation_Paper_Knowledge_v0.1.pdf
Knowledge,markdown_link,718,718,28,References,Publisher record -> https://books.google.com/books?id=riSeOKw5I6sC,00_GOVERNANCE/01_Product_Vision/01_FOUNDATION/Knowledge/SymK_Foundation_Paper_Knowledge_v0.1.md,00_GOVERNANCE/01_Product_Vision/01_FOUNDATION/Knowledge/SymK_Foundation_Paper_Knowledge_v0.1.pdf
Knowledge,markdown_link,720,720,28,References,Publisher sample chapter -> https://booksite.elsevier.com/samplechapters/9781558609327/9781558609327.PDF,00_GOVERNANCE/01_Product_Vision/01_FOUNDATION/Knowledge/SymK_Foundation_Paper_Knowledge_v0.1.md,00_GOVERNANCE/01_Product_Vision/01_FOUNDATION/Knowledge/SymK_Foundation_Paper_Knowledge_v0.1.pdf
Knowledge,markdown_link,722,722,28,References,Stable entry -> https://plato.stanford.edu/archives/fall2022/entries/knowledge-how/,00_GOVERNANCE/01_Product_Vision/01_FOUNDATION/Knowledge/SymK_Foundation_Paper_Knowledge_v0.1.md,00_GOVERNANCE/01_Product_Vision/01_FOUNDATION/Knowledge/SymK_Foundation_Paper_Knowledge_v0.1.pdf
Knowledge,markdown_link,724,724,28,References,Stable entry -> https://plato.stanford.edu/archives/sum2024/entries/knowledge-acquaindescrip/,00_GOVERNANCE/01_Product_Vision/01_FOUNDATION/Knowledge/SymK_Foundation_Paper_Knowledge_v0.1.md,00_GOVERNANCE/01_Product_Vision/01_FOUNDATION/Knowledge/SymK_Foundation_Paper_Knowledge_v0.1.pdf
Knowledge,markdown_link,726,726,28,References,DOI and journal record -> https://academic.oup.com/analysis/article-abstract/23/6/121/109949,00_GOVERNANCE/01_Product_Vision/01_FOUNDATION/Knowledge/SymK_Foundation_Paper_Knowledge_v0.1.md,00_GOVERNANCE/01_Product_Vision/01_FOUNDATION/Knowledge/SymK_Foundation_Paper_Knowledge_v0.1.pdf
Knowledge,markdown_link,728,728,28,References,Stable entry -> https://plato.stanford.edu/archives/sum2025/entries/logic-epistemic/,00_GOVERNANCE/01_Product_Vision/01_FOUNDATION/Knowledge/SymK_Foundation_Paper_Knowledge_v0.1.md,00_GOVERNANCE/01_Product_Vision/01_FOUNDATION/Knowledge/SymK_Foundation_Paper_Knowledge_v0.1.pdf
Knowledge,markdown_link,730,730,28,References,DOI -> https://doi.org/10.1145/3447772,00_GOVERNANCE/01_Product_Vision/01_FOUNDATION/Knowledge/SymK_Foundation_Paper_Knowledge_v0.1.md,00_GOVERNANCE/01_Product_Vision/01_FOUNDATION/Knowledge/SymK_Foundation_Paper_Knowledge_v0.1.pdf
Knowledge,markdown_link,730,730,28,References,open manuscript -> https://arxiv.org/abs/2003.02320,00_GOVERNANCE/01_Product_Vision/01_FOUNDATION/Knowledge/SymK_Foundation_Paper_Knowledge_v0.1.md,00_GOVERNANCE/01_Product_Vision/01_FOUNDATION/Knowledge/SymK_Foundation_Paper_Knowledge_v0.1.pdf
Knowledge,markdown_link,732,732,28,References,Stable entry -> https://plato.stanford.edu/archives/sum2026/entries/knowledge-analysis/,00_GOVERNANCE/01_Product_Vision/01_FOUNDATION/Knowledge/SymK_Foundation_Paper_Knowledge_v0.1.md,00_GOVERNANCE/01_Product_Vision/01_FOUNDATION/Knowledge/SymK_Foundation_Paper_Knowledge_v0.1.pdf
Knowledge,markdown_link,734,734,28,References,MIT text -> https://www.mit.edu/~dxh/marvin/web.media.mit.edu/~minsky/papers/Frames/frames.html,00_GOVERNANCE/01_Product_Vision/01_FOUNDATION/Knowledge/SymK_Foundation_Paper_Knowledge_v0.1.md,00_GOVERNANCE/01_Product_Vision/01_FOUNDATION/Knowledge/SymK_Foundation_Paper_Knowledge_v0.1.pdf
Knowledge,markdown_link,736,736,28,References,ACL Anthology -> https://aclanthology.org/D19-1250/,00_GOVERNANCE/01_Product_Vision/01_FOUNDATION/Knowledge/SymK_Foundation_Paper_Knowledge_v0.1.md,00_GOVERNANCE/01_Product_Vision/01_FOUNDATION/Knowledge/SymK_Foundation_Paper_Knowledge_v0.1.pdf
Knowledge,markdown_link,736,736,28,References,10.18653/v1/D19-1250 -> https://doi.org/10.18653/v1/D19-1250,00_GOVERNANCE/01_Product_Vision/01_FOUNDATION/Knowledge/SymK_Foundation_Paper_Knowledge_v0.1.md,00_GOVERNANCE/01_Product_Vision/01_FOUNDATION/Knowledge/SymK_Foundation_Paper_Knowledge_v0.1.pdf
Knowledge,markdown_link,738,738,28,References,Bibliographic record -> https://philpapers.org/rec/QUISN,00_GOVERNANCE/01_Product_Vision/01_FOUNDATION/Knowledge/SymK_Foundation_Paper_Knowledge_v0.1.md,00_GOVERNANCE/01_Product_Vision/01_FOUNDATION/Knowledge/SymK_Foundation_Paper_Knowledge_v0.1.pdf
Knowledge,markdown_link,740,740,28,References,DOI -> https://doi.org/10.1007/s10994-006-5833-1,00_GOVERNANCE/01_Product_Vision/01_FOUNDATION/Knowledge/SymK_Foundation_Paper_Knowledge_v0.1.md,00_GOVERNANCE/01_Product_Vision/01_FOUNDATION/Knowledge/SymK_Foundation_Paper_Knowledge_v0.1.pdf
Knowledge,markdown_link,750,750,28,References,Specification -> https://www.w3.org/TR/owl2-overview/,00_GOVERNANCE/01_Product_Vision/01_FOUNDATION/Knowledge/SymK_Foundation_Paper_Knowledge_v0.1.md,00_GOVERNANCE/01_Product_Vision/01_FOUNDATION/Knowledge/SymK_Foundation_Paper_Knowledge_v0.1.pdf
Knowledge,markdown_link,752,752,28,References,Specification -> https://www.w3.org/TR/rdf11-concepts/,00_GOVERNANCE/01_Product_Vision/01_FOUNDATION/Knowledge/SymK_Foundation_Paper_Knowledge_v0.1.md,00_GOVERNANCE/01_Product_Vision/01_FOUNDATION/Knowledge/SymK_Foundation_Paper_Knowledge_v0.1.pdf
Knowledge,blockquote_callout,34,34,5,1. Why knowledge is foundational to SymK,Knowledge is the shared medium. Cooperation is the objective.,00_GOVERNANCE/01_Product_Vision/01_FOUNDATION/Knowledge/SymK_Foundation_Paper_Knowledge_v0.1.md,00_GOVERNANCE/01_Product_Vision/01_FOUNDATION/Knowledge/SymK_Foundation_Paper_Knowledge_v0.1.pdf
Knowledge,blockquote_callout,56,56,6,2. The first correction: there is no simple historical definition to inherit,"A subject S knows a proposition P if and only if P is true, S believes P, and S is justified in believing P.",00_GOVERNANCE/01_Product_Vision/01_FOUNDATION/Knowledge/SymK_Foundation_Paper_Knowledge_v0.1.md,00_GOVERNANCE/01_Product_Vision/01_FOUNDATION/Knowledge/SymK_Foundation_Paper_Knowledge_v0.1.pdf
Knowledge,blockquote_callout,76,76,6,2.1 The Gettier rupture,"A claim does not become knowledge merely because its content is true and its holder can present reasons for believing it. The relation among claim, grounds, process, and truth also matters.",00_GOVERNANCE/01_Product_Vision/01_FOUNDATION/Knowledge/SymK_Foundation_Paper_Knowledge_v0.1.md,00_GOVERNANCE/01_Product_Vision/01_FOUNDATION/Knowledge/SymK_Foundation_Paper_Knowledge_v0.1.pdf
Knowledge,blockquote_callout,279,279,13,5.8 Comparative view,SymK should not choose one representation and call it Knowledge. It should govern several projections of knowledge-related objects while preserving the conceptual source they express.,00_GOVERNANCE/01_Product_Vision/01_FOUNDATION/Knowledge/SymK_Foundation_Paper_Knowledge_v0.1.md,00_GOVERNANCE/01_Product_Vision/01_FOUNDATION/Knowledge/SymK_Foundation_Paper_Knowledge_v0.1.pdf
Knowledge,blockquote_callout,349,349,16,7. A working definition for SymK,"Knowledge, in SymK, is an epistemic achievement in which an intelligence, or a cooperative system of intelligences, stands in a sufficiently truth-connected, competence-bearing, or direct relation to what is known such that it may be responsibly relied upon within a stated scope.",00_GOVERNANCE/01_Product_Vision/01_FOUNDATION/Knowledge/SymK_Foundation_Paper_Knowledge_v0.1.md,00_GOVERNANCE/01_Product_Vision/01_FOUNDATION/Knowledge/SymK_Foundation_Paper_Knowledge_v0.1.pdf
Knowledge,blockquote_callout,383,383,16,7.1 The operational corollary,"SymK engineers governed knowledge assets that preserve the best available, challengeable evidence that knowledge has been achieved, together with the representations required to share and apply it.",00_GOVERNANCE/01_Product_Vision/01_FOUNDATION/Knowledge/SymK_Foundation_Paper_Knowledge_v0.1.md,00_GOVERNANCE/01_Product_Vision/01_FOUNDATION/Knowledge/SymK_Foundation_Paper_Knowledge_v0.1.pdf
Knowledge,blockquote_callout,391,391,17,7.2 Interpreting the constitutional motto,"Knowledge is the shared medium means that cooperation proceeds through governed epistemic achievements and knowledge assets whose meaning, grounds, scope, and history can survive changes in participant and representation.",00_GOVERNANCE/01_Product_Vision/01_FOUNDATION/Knowledge/SymK_Foundation_Paper_Knowledge_v0.1.md,00_GOVERNANCE/01_Product_Vision/01_FOUNDATION/Knowledge/SymK_Foundation_Paper_Knowledge_v0.1.pdf
Knowledge,blockquote_callout,702,702,16,14. Conclusion,"Knowledge, in SymK, is an epistemic achievement in which an intelligence, or a cooperative system of intelligences, stands in a sufficiently truth-connected, competence-bearing, or direct relation to what is known such that it may be responsibly relied upon within a stated scope.",00_GOVERNANCE/01_Product_Vision/01_FOUNDATION/Knowledge/SymK_Foundation_Paper_Knowledge_v0.1.md,00_GOVERNANCE/01_Product_Vision/01_FOUNDATION/Knowledge/SymK_Foundation_Paper_Knowledge_v0.1.pdf
Knowledge,blockquote_callout,706,706,16,14. Conclusion,"SymK engineers governed knowledge assets that preserve the best available, challengeable evidence that knowledge has been achieved, together with the representations required to share and apply it.",00_GOVERNANCE/01_Product_Vision/01_FOUNDATION/Knowledge/SymK_Foundation_Paper_Knowledge_v0.1.md,00_GOVERNANCE/01_Product_Vision/01_FOUNDATION/Knowledge/SymK_Foundation_Paper_Knowledge_v0.1.pdf
Knowledge,blockquote_callout,710,710,5,14. Conclusion,Knowledge is the shared medium. Cooperation is the objective.,00_GOVERNANCE/01_Product_Vision/01_FOUNDATION/Knowledge/SymK_Foundation_Paper_Knowledge_v0.1.md,00_GOVERNANCE/01_Product_Vision/01_FOUNDATION/Knowledge/SymK_Foundation_Paper_Knowledge_v0.1.pdf
Knowledge,table,84,92,6,2.2 Families of post-Gettier responses,| Approach | Central intuition | Lesson for SymK |,00_GOVERNANCE/01_Product_Vision/01_FOUNDATION/Knowledge/SymK_Foundation_Paper_Knowledge_v0.1.md,00_GOVERNANCE/01_Product_Vision/01_FOUNDATION/Knowledge/SymK_Foundation_Paper_Knowledge_v0.1.pdf
Knowledge,table,265,275,13,5.8 Comparative view,| Formalism | Primary object | Strongest contribution | Typical limitation | Appropriate SymK role |,00_GOVERNANCE/01_Product_Vision/01_FOUNDATION/Knowledge/SymK_Foundation_Paper_Knowledge_v0.1.md,00_GOVERNANCE/01_Product_Vision/01_FOUNDATION/Knowledge/SymK_Foundation_Paper_Knowledge_v0.1.pdf
Knowledge,table,671,684,26,13. A practical evaluation gate,| Gate | Question |,00_GOVERNANCE/01_Product_Vision/01_FOUNDATION/Knowledge/SymK_Foundation_Paper_Knowledge_v0.1.md,00_GOVERNANCE/01_Product_Vision/01_FOUNDATION/Knowledge/SymK_Foundation_Paper_Knowledge_v0.1.pdf
Knowledge,text_diagram_or_code_block,183,197,10,4. Epistemology and knowledge representation ask different questions,language=text,00_GOVERNANCE/01_Product_Vision/01_FOUNDATION/Knowledge/SymK_Foundation_Paper_Knowledge_v0.1.md,00_GOVERNANCE/01_Product_Vision/01_FOUNDATION/Knowledge/SymK_Foundation_Paper_Knowledge_v0.1.pdf
Knowledge,text_diagram_or_code_block,327,339,15,6.5 Epistemic status,language=text,00_GOVERNANCE/01_Product_Vision/01_FOUNDATION/Knowledge/SymK_Foundation_Paper_Knowledge_v0.1.md,00_GOVERNANCE/01_Product_Vision/01_FOUNDATION/Knowledge/SymK_Foundation_Paper_Knowledge_v0.1.pdf
Knowledge,text_diagram_or_code_block,401,432,18,8. The proposed SymK knowledge object,language=text,00_GOVERNANCE/01_Product_Vision/01_FOUNDATION/Knowledge/SymK_Foundation_Paper_Knowledge_v0.1.md,00_GOVERNANCE/01_Product_Vision/01_FOUNDATION/Knowledge/SymK_Foundation_Paper_Knowledge_v0.1.pdf
Knowledge,pdf_structure,1,29,1,Publication projection,29 A4 pages; Tagged=no; embedded raster images=0,00_GOVERNANCE/01_Product_Vision/01_FOUNDATION/Knowledge/SymK_Foundation_Paper_Knowledge_v0.1.md,00_GOVERNANCE/01_Product_Vision/01_FOUNDATION/Knowledge/SymK_Foundation_Paper_Knowledge_v0.1.pdf
Knowledge,pdf_generated_contents,0,0,4,Publication projection,Generated contents page not present as a Markdown heading,00_GOVERNANCE/01_Product_Vision/01_FOUNDATION/Knowledge/SymK_Foundation_Paper_Knowledge_v0.1.md,00_GOVERNANCE/01_Product_Vision/01_FOUNDATION/Knowledge/SymK_Foundation_Paper_Knowledge_v0.1.pdf
Intelligence,reference_entry,946,946,39,References,"- Burkart, J. M., Schubiger, M. N., and van Schaik, C. P. (2017). “The Evolution of General Intelligence.” Behavioral and Brain Sciences, 40, e195. [Publisher record](https://doi.org/10.1017/S0140525X16000959).",00_GOVERNANCE/01_Product_Vision/01_FOUNDATION/Intelligence/SymK_Foundation_Paper_Intelligence_v0.1.md,00_GOVERNANCE/01_Product_Vision/01_FOUNDATION/Intelligence/SymK_Foundation_Paper_Intelligence_v0.1.pdf
Intelligence,reference_entry,947,947,39,References,"- Carroll, J. B. (1993). Human Cognitive Abilities: A Survey of Factor-Analytic Studies. Cambridge University Press. [Publisher record](https://doi.org/10.1017/CBO9780511571312).",00_GOVERNANCE/01_Product_Vision/01_FOUNDATION/Intelligence/SymK_Foundation_Paper_Intelligence_v0.1.md,00_GOVERNANCE/01_Product_Vision/01_FOUNDATION/Intelligence/SymK_Foundation_Paper_Intelligence_v0.1.pdf
Intelligence,reference_entry,948,948,39,References,"- Cattell, R. B. (1943). “The Measurement of Adult Intelligence.” Psychological Bulletin, 40(3), 153–193. [Publisher record](https://doi.org/10.1037/h0059973).",00_GOVERNANCE/01_Product_Vision/01_FOUNDATION/Intelligence/SymK_Foundation_Paper_Intelligence_v0.1.md,00_GOVERNANCE/01_Product_Vision/01_FOUNDATION/Intelligence/SymK_Foundation_Paper_Intelligence_v0.1.pdf
Intelligence,reference_entry,949,949,39,References,"- Chollet, F. (2019). “On the Measure of Intelligence.” arXiv:1911.01547. [Open manuscript](https://arxiv.org/abs/1911.01547).",00_GOVERNANCE/01_Product_Vision/01_FOUNDATION/Intelligence/SymK_Foundation_Paper_Intelligence_v0.1.md,00_GOVERNANCE/01_Product_Vision/01_FOUNDATION/Intelligence/SymK_Foundation_Paper_Intelligence_v0.1.pdf
Intelligence,reference_entry,950,950,39,References,"- Clark, A., and Chalmers, D. (1998). “The Extended Mind.” Analysis, 58(1), 7–19. [DOI and manuscript](https://doi.org/10.1111/1467-8284.00096).",00_GOVERNANCE/01_Product_Vision/01_FOUNDATION/Intelligence/SymK_Foundation_Paper_Intelligence_v0.1.md,00_GOVERNANCE/01_Product_Vision/01_FOUNDATION/Intelligence/SymK_Foundation_Paper_Intelligence_v0.1.pdf
Intelligence,reference_entry,951,951,39,References,"- Fodor, J. A. (1974). “Special Sciences (Or: The Disunity of Science as a Working Hypothesis).” Synthese, 28, 97–115. [Publisher record](https://doi.org/10.1007/BF00485230).",00_GOVERNANCE/01_Product_Vision/01_FOUNDATION/Intelligence/SymK_Foundation_Paper_Intelligence_v0.1.md,00_GOVERNANCE/01_Product_Vision/01_FOUNDATION/Intelligence/SymK_Foundation_Paper_Intelligence_v0.1.pdf
Intelligence,reference_entry,952,952,40,References,"- Gardner, H. (1983). Frames of Mind: The Theory of Multiple Intelligences. Basic Books.",00_GOVERNANCE/01_Product_Vision/01_FOUNDATION/Intelligence/SymK_Foundation_Paper_Intelligence_v0.1.md,00_GOVERNANCE/01_Product_Vision/01_FOUNDATION/Intelligence/SymK_Foundation_Paper_Intelligence_v0.1.pdf
Intelligence,reference_entry,953,953,40,References,"- Gottfredson, L. S. (1997). “Mainstream Science on Intelligence: An Editorial with 52 Signatories, History, and Bibliography.” Intelligence, 24(1), 13–23. [Publisher record](https://doi.org/10.1016/S0160-2896(97)90011-8).",00_GOVERNANCE/01_Product_Vision/01_FOUNDATION/Intelligence/SymK_Foundation_Paper_Intelligence_v0.1.md,00_GOVERNANCE/01_Product_Vision/01_FOUNDATION/Intelligence/SymK_Foundation_Paper_Intelligence_v0.1.pdf
Intelligence,reference_entry,954,954,40,References,"- Hutchins, E. (1995). Cognition in the Wild. MIT Press. [Publisher record](https://mitpress.mit.edu/9780262581462/cognition-in-the-wild/).",00_GOVERNANCE/01_Product_Vision/01_FOUNDATION/Intelligence/SymK_Foundation_Paper_Intelligence_v0.1.md,00_GOVERNANCE/01_Product_Vision/01_FOUNDATION/Intelligence/SymK_Foundation_Paper_Intelligence_v0.1.pdf
Intelligence,reference_entry,955,955,40,References,"- Legg, S., and Hutter, M. (2007). “Universal Intelligence: A Definition of Machine Intelligence.” Minds and Machines, 17, 391–444. [Open manuscript](https://arxiv.org/abs/0712.3329).",00_GOVERNANCE/01_Product_Vision/01_FOUNDATION/Intelligence/SymK_Foundation_Paper_Intelligence_v0.1.md,00_GOVERNANCE/01_Product_Vision/01_FOUNDATION/Intelligence/SymK_Foundation_Paper_Intelligence_v0.1.pdf
Intelligence,reference_entry,956,956,40,References,"- Marr, D. (1982/2010). Vision: A Computational Investigation into the Human Representation and Processing of Visual Information. MIT Press. [Publisher record](https://mitpress.mit.edu/9780262514620/vision/).",00_GOVERNANCE/01_Product_Vision/01_FOUNDATION/Intelligence/SymK_Foundation_Paper_Intelligence_v0.1.md,00_GOVERNANCE/01_Product_Vision/01_FOUNDATION/Intelligence/SymK_Foundation_Paper_Intelligence_v0.1.pdf
Intelligence,reference_entry,957,957,40,References,"- Newell, A., and Simon, H. A. (1976). “Computer Science as Empirical Inquiry: Symbols and Search.” Communications of the ACM, 19(3), 113–126. [Publisher record](https://doi.org/10.1145/360018.360022).",00_GOVERNANCE/01_Product_Vision/01_FOUNDATION/Intelligence/SymK_Foundation_Paper_Intelligence_v0.1.md,00_GOVERNANCE/01_Product_Vision/01_FOUNDATION/Intelligence/SymK_Foundation_Paper_Intelligence_v0.1.pdf
Intelligence,reference_entry,958,958,40,References,"- Piaget, J. (1952). The Origins of Intelligence in Children. International Universities Press. [Publisher record](https://doi.org/10.1037/11494-000).",00_GOVERNANCE/01_Product_Vision/01_FOUNDATION/Intelligence/SymK_Foundation_Paper_Intelligence_v0.1.md,00_GOVERNANCE/01_Product_Vision/01_FOUNDATION/Intelligence/SymK_Foundation_Paper_Intelligence_v0.1.pdf
Intelligence,reference_entry,959,959,40,References,"- Putnam, H. (1967). “Psychological Predicates.” In W. H. Capitan and D. D. Merrill, eds., Art, Mind, and Religion. University of Pittsburgh Press. Reprinted as “The Nature of Mental States.”",00_GOVERNANCE/01_Product_Vision/01_FOUNDATION/Intelligence/SymK_Foundation_Paper_Intelligence_v0.1.md,00_GOVERNANCE/01_Product_Vision/01_FOUNDATION/Intelligence/SymK_Foundation_Paper_Intelligence_v0.1.pdf
Intelligence,reference_entry,960,960,40,References,"- Russell, S., and Norvig, P. (2020). Artificial Intelligence: A Modern Approach, 4th ed. Pearson. [Book site](https://aima.cs.berkeley.edu/).",00_GOVERNANCE/01_Product_Vision/01_FOUNDATION/Intelligence/SymK_Foundation_Paper_Intelligence_v0.1.md,00_GOVERNANCE/01_Product_Vision/01_FOUNDATION/Intelligence/SymK_Foundation_Paper_Intelligence_v0.1.pdf
Intelligence,reference_entry,961,961,40,References,"- Salovey, P., and Mayer, J. D. (1990). “Emotional Intelligence.” Imagination, Cognition and Personality, 9(3), 185–211. [Publisher record](https://doi.org/10.2190/DUGG-P24E-52WK-6CDG).",00_GOVERNANCE/01_Product_Vision/01_FOUNDATION/Intelligence/SymK_Foundation_Paper_Intelligence_v0.1.md,00_GOVERNANCE/01_Product_Vision/01_FOUNDATION/Intelligence/SymK_Foundation_Paper_Intelligence_v0.1.pdf
Intelligence,reference_entry,962,962,40,References,"- Searle, J. R. (1980). “Minds, Brains, and Programs.” Behavioral and Brain Sciences, 3(3), 417–424. [Publisher record](https://doi.org/10.1017/S0140525X00005756).",00_GOVERNANCE/01_Product_Vision/01_FOUNDATION/Intelligence/SymK_Foundation_Paper_Intelligence_v0.1.md,00_GOVERNANCE/01_Product_Vision/01_FOUNDATION/Intelligence/SymK_Foundation_Paper_Intelligence_v0.1.pdf
Intelligence,reference_entry,963,963,40,References,"- Spearman, C. (1904). “General Intelligence, Objectively Determined and Measured.” The American Journal of Psychology, 15(2), 201–292. [Publisher record](https://doi.org/10.2307/1412107).",00_GOVERNANCE/01_Product_Vision/01_FOUNDATION/Intelligence/SymK_Foundation_Paper_Intelligence_v0.1.md,00_GOVERNANCE/01_Product_Vision/01_FOUNDATION/Intelligence/SymK_Foundation_Paper_Intelligence_v0.1.pdf
Intelligence,reference_entry,964,964,40,References,"- Sternberg, R. J. (1985). Beyond IQ: A Triarchic Theory of Human Intelligence. Cambridge University Press.",00_GOVERNANCE/01_Product_Vision/01_FOUNDATION/Intelligence/SymK_Foundation_Paper_Intelligence_v0.1.md,00_GOVERNANCE/01_Product_Vision/01_FOUNDATION/Intelligence/SymK_Foundation_Paper_Intelligence_v0.1.pdf
Intelligence,reference_entry,965,965,40,References,"- Thurstone, L. L. (1938). Primary Mental Abilities. University of Chicago Press.",00_GOVERNANCE/01_Product_Vision/01_FOUNDATION/Intelligence/SymK_Foundation_Paper_Intelligence_v0.1.md,00_GOVERNANCE/01_Product_Vision/01_FOUNDATION/Intelligence/SymK_Foundation_Paper_Intelligence_v0.1.pdf
Intelligence,reference_entry,966,966,40,References,"- Turing, A. M. (1950). “Computing Machinery and Intelligence.” Mind, 59(236), 433–460. [Original article](https://doi.org/10.1093/mind/LIX.236.433).",00_GOVERNANCE/01_Product_Vision/01_FOUNDATION/Intelligence/SymK_Foundation_Paper_Intelligence_v0.1.md,00_GOVERNANCE/01_Product_Vision/01_FOUNDATION/Intelligence/SymK_Foundation_Paper_Intelligence_v0.1.pdf
Intelligence,reference_entry,967,967,40,References,"- Ng, K.-S. (2025). “On the Definition of Intelligence.” arXiv:2507.22423. [Open manuscript](https://arxiv.org/abs/2507.22423).",00_GOVERNANCE/01_Product_Vision/01_FOUNDATION/Intelligence/SymK_Foundation_Paper_Intelligence_v0.1.md,00_GOVERNANCE/01_Product_Vision/01_FOUNDATION/Intelligence/SymK_Foundation_Paper_Intelligence_v0.1.pdf
Intelligence,reference_entry,968,968,40,References,"- Varela, F. J., Thompson, E., and Rosch, E. (1991). The Embodied Mind: Cognitive Science and Human Experience. MIT Press. [Publisher record](https://mitpress.mit.edu/9780262720212/the-embodied-mind/).",00_GOVERNANCE/01_Product_Vision/01_FOUNDATION/Intelligence/SymK_Foundation_Paper_Intelligence_v0.1.md,00_GOVERNANCE/01_Product_Vision/01_FOUNDATION/Intelligence/SymK_Foundation_Paper_Intelligence_v0.1.pdf
Intelligence,reference_entry,969,969,41,References,"- Vygotsky, L. S. (1978). Mind in Society: The Development of Higher Psychological Processes. Harvard University Press.",00_GOVERNANCE/01_Product_Vision/01_FOUNDATION/Intelligence/SymK_Foundation_Paper_Intelligence_v0.1.md,00_GOVERNANCE/01_Product_Vision/01_FOUNDATION/Intelligence/SymK_Foundation_Paper_Intelligence_v0.1.pdf
Intelligence,reference_entry,970,970,41,References,"- Wechsler, D. (1944). The Measurement of Adult Intelligence, 3rd ed. Williams & Wilkins.",00_GOVERNANCE/01_Product_Vision/01_FOUNDATION/Intelligence/SymK_Foundation_Paper_Intelligence_v0.1.md,00_GOVERNANCE/01_Product_Vision/01_FOUNDATION/Intelligence/SymK_Foundation_Paper_Intelligence_v0.1.pdf
Intelligence,reference_entry,971,971,41,References,"- Woolley, A. W., Chabris, C. F., Pentland, A., Hashmi, N., and Malone, T. W. (2010). “Evidence for a Collective Intelligence Factor in the Performance of Human Groups.” Science, 330(6004), 686–688. [Publisher record](https://doi.org/10.1126/science.1193147).",00_GOVERNANCE/01_Product_Vision/01_FOUNDATION/Intelligence/SymK_Foundation_Paper_Intelligence_v0.1.md,00_GOVERNANCE/01_Product_Vision/01_FOUNDATION/Intelligence/SymK_Foundation_Paper_Intelligence_v0.1.pdf
Intelligence,inline_citation,90,90,5,2.2 Non-human biological Intelligence is not deficient humanity,"Burkart, Schubiger, and van Schaik 2017",00_GOVERNANCE/01_Product_Vision/01_FOUNDATION/Intelligence/SymK_Foundation_Paper_Intelligence_v0.1.md,00_GOVERNANCE/01_Product_Vision/01_FOUNDATION/Intelligence/SymK_Foundation_Paper_Intelligence_v0.1.pdf
Intelligence,inline_citation,94,94,5,2.3 Artificial Intelligence is not simulated humanity,Turing 1950,00_GOVERNANCE/01_Product_Vision/01_FOUNDATION/Intelligence/SymK_Foundation_Paper_Intelligence_v0.1.md,00_GOVERNANCE/01_Product_Vision/01_FOUNDATION/Intelligence/SymK_Foundation_Paper_Intelligence_v0.1.pdf
Intelligence,inline_citation,124,124,7,3. The levels SymK must keep distinct,Marr 1982,00_GOVERNANCE/01_Product_Vision/01_FOUNDATION/Intelligence/SymK_Foundation_Paper_Intelligence_v0.1.md,00_GOVERNANCE/01_Product_Vision/01_FOUNDATION/Intelligence/SymK_Foundation_Paper_Intelligence_v0.1.pdf
Intelligence,inline_citation,124,124,7,3. The levels SymK must keep distinct,Putnam 1967; Fodor 1974,00_GOVERNANCE/01_Product_Vision/01_FOUNDATION/Intelligence/SymK_Foundation_Paper_Intelligence_v0.1.md,00_GOVERNANCE/01_Product_Vision/01_FOUNDATION/Intelligence/SymK_Foundation_Paper_Intelligence_v0.1.pdf
Intelligence,inline_citation,282,282,12,5.1 Psychometric structure,Wechsler 1944; Gottfredson 1997,00_GOVERNANCE/01_Product_Vision/01_FOUNDATION/Intelligence/SymK_Foundation_Paper_Intelligence_v0.1.md,00_GOVERNANCE/01_Product_Vision/01_FOUNDATION/Intelligence/SymK_Foundation_Paper_Intelligence_v0.1.pdf
Intelligence,inline_citation,284,284,12,5.1 Psychometric structure,Spearman 1904; Cattell 1943; Carroll 1993,00_GOVERNANCE/01_Product_Vision/01_FOUNDATION/Intelligence/SymK_Foundation_Paper_Intelligence_v0.1.md,00_GOVERNANCE/01_Product_Vision/01_FOUNDATION/Intelligence/SymK_Foundation_Paper_Intelligence_v0.1.pdf
Intelligence,inline_citation,292,292,13,5.2 Plural ability theories,Thurstone 1938; Gardner 1983; Sternberg 1985; Salovey and Mayer 1990,00_GOVERNANCE/01_Product_Vision/01_FOUNDATION/Intelligence/SymK_Foundation_Paper_Intelligence_v0.1.md,00_GOVERNANCE/01_Product_Vision/01_FOUNDATION/Intelligence/SymK_Foundation_Paper_Intelligence_v0.1.pdf
Intelligence,inline_citation,300,300,13,5.3 Development and adaptation,Piaget 1952; Vygotsky 1978,00_GOVERNANCE/01_Product_Vision/01_FOUNDATION/Intelligence/SymK_Foundation_Paper_Intelligence_v0.1.md,00_GOVERNANCE/01_Product_Vision/01_FOUNDATION/Intelligence/SymK_Foundation_Paper_Intelligence_v0.1.pdf
Intelligence,inline_citation,312,312,14,5.4 Rational agency,Newell and Simon 1976,00_GOVERNANCE/01_Product_Vision/01_FOUNDATION/Intelligence/SymK_Foundation_Paper_Intelligence_v0.1.md,00_GOVERNANCE/01_Product_Vision/01_FOUNDATION/Intelligence/SymK_Foundation_Paper_Intelligence_v0.1.pdf
Intelligence,inline_citation,314,314,14,5.4 Rational agency,Russell and Norvig 2020,00_GOVERNANCE/01_Product_Vision/01_FOUNDATION/Intelligence/SymK_Foundation_Paper_Intelligence_v0.1.md,00_GOVERNANCE/01_Product_Vision/01_FOUNDATION/Intelligence/SymK_Foundation_Paper_Intelligence_v0.1.pdf
Intelligence,inline_citation,320,320,14,5.5 General goal achievement,Legg and Hutter 2007,00_GOVERNANCE/01_Product_Vision/01_FOUNDATION/Intelligence/SymK_Foundation_Paper_Intelligence_v0.1.md,00_GOVERNANCE/01_Product_Vision/01_FOUNDATION/Intelligence/SymK_Foundation_Paper_Intelligence_v0.1.pdf
Intelligence,inline_citation,326,326,15,5.6 Skill-acquisition efficiency,Chollet 2019,00_GOVERNANCE/01_Product_Vision/01_FOUNDATION/Intelligence/SymK_Foundation_Paper_Intelligence_v0.1.md,00_GOVERNANCE/01_Product_Vision/01_FOUNDATION/Intelligence/SymK_Foundation_Paper_Intelligence_v0.1.pdf
Intelligence,inline_citation,332,332,15,5.7 Embodied and enactive approaches,"Varela, Thompson, and Rosch 1991",00_GOVERNANCE/01_Product_Vision/01_FOUNDATION/Intelligence/SymK_Foundation_Paper_Intelligence_v0.1.md,00_GOVERNANCE/01_Product_Vision/01_FOUNDATION/Intelligence/SymK_Foundation_Paper_Intelligence_v0.1.pdf
Intelligence,inline_citation,338,338,15,5.8 Extended and distributed cognition,Clark and Chalmers 1998,00_GOVERNANCE/01_Product_Vision/01_FOUNDATION/Intelligence/SymK_Foundation_Paper_Intelligence_v0.1.md,00_GOVERNANCE/01_Product_Vision/01_FOUNDATION/Intelligence/SymK_Foundation_Paper_Intelligence_v0.1.pdf
Intelligence,inline_citation,338,338,15,5.8 Extended and distributed cognition,Hutchins 1995,00_GOVERNANCE/01_Product_Vision/01_FOUNDATION/Intelligence/SymK_Foundation_Paper_Intelligence_v0.1.md,00_GOVERNANCE/01_Product_Vision/01_FOUNDATION/Intelligence/SymK_Foundation_Paper_Intelligence_v0.1.pdf
Intelligence,inline_citation,344,344,16,5.9 Collective Intelligence,Woolley et al. 2010,00_GOVERNANCE/01_Product_Vision/01_FOUNDATION/Intelligence/SymK_Foundation_Paper_Intelligence_v0.1.md,00_GOVERNANCE/01_Product_Vision/01_FOUNDATION/Intelligence/SymK_Foundation_Paper_Intelligence_v0.1.pdf
Intelligence,inline_citation,350,350,16,5.10 Emerging formal definitions,Ng 2025,00_GOVERNANCE/01_Product_Vision/01_FOUNDATION/Intelligence/SymK_Foundation_Paper_Intelligence_v0.1.md,00_GOVERNANCE/01_Product_Vision/01_FOUNDATION/Intelligence/SymK_Foundation_Paper_Intelligence_v0.1.pdf
Intelligence,inline_citation,460,460,21,"7.3 Intelligence, competence, and skill",Chollet 2019,00_GOVERNANCE/01_Product_Vision/01_FOUNDATION/Intelligence/SymK_Foundation_Paper_Intelligence_v0.1.md,00_GOVERNANCE/01_Product_Vision/01_FOUNDATION/Intelligence/SymK_Foundation_Paper_Intelligence_v0.1.pdf
Intelligence,inline_citation,489,489,22,7.9 Intelligence and understanding,Searle 1980,00_GOVERNANCE/01_Product_Vision/01_FOUNDATION/Intelligence/SymK_Foundation_Paper_Intelligence_v0.1.md,00_GOVERNANCE/01_Product_Vision/01_FOUNDATION/Intelligence/SymK_Foundation_Paper_Intelligence_v0.1.pdf
Intelligence,markdown_link,946,946,39,References,Publisher record -> https://doi.org/10.1017/S0140525X16000959,00_GOVERNANCE/01_Product_Vision/01_FOUNDATION/Intelligence/SymK_Foundation_Paper_Intelligence_v0.1.md,00_GOVERNANCE/01_Product_Vision/01_FOUNDATION/Intelligence/SymK_Foundation_Paper_Intelligence_v0.1.pdf
Intelligence,markdown_link,947,947,39,References,Publisher record -> https://doi.org/10.1017/CBO9780511571312,00_GOVERNANCE/01_Product_Vision/01_FOUNDATION/Intelligence/SymK_Foundation_Paper_Intelligence_v0.1.md,00_GOVERNANCE/01_Product_Vision/01_FOUNDATION/Intelligence/SymK_Foundation_Paper_Intelligence_v0.1.pdf
Intelligence,markdown_link,948,948,39,References,Publisher record -> https://doi.org/10.1037/h0059973,00_GOVERNANCE/01_Product_Vision/01_FOUNDATION/Intelligence/SymK_Foundation_Paper_Intelligence_v0.1.md,00_GOVERNANCE/01_Product_Vision/01_FOUNDATION/Intelligence/SymK_Foundation_Paper_Intelligence_v0.1.pdf
Intelligence,markdown_link,949,949,39,References,Open manuscript -> https://arxiv.org/abs/1911.01547,00_GOVERNANCE/01_Product_Vision/01_FOUNDATION/Intelligence/SymK_Foundation_Paper_Intelligence_v0.1.md,00_GOVERNANCE/01_Product_Vision/01_FOUNDATION/Intelligence/SymK_Foundation_Paper_Intelligence_v0.1.pdf
Intelligence,markdown_link,950,950,39,References,DOI and manuscript -> https://doi.org/10.1111/1467-8284.00096,00_GOVERNANCE/01_Product_Vision/01_FOUNDATION/Intelligence/SymK_Foundation_Paper_Intelligence_v0.1.md,00_GOVERNANCE/01_Product_Vision/01_FOUNDATION/Intelligence/SymK_Foundation_Paper_Intelligence_v0.1.pdf
Intelligence,markdown_link,951,951,39,References,Publisher record -> https://doi.org/10.1007/BF00485230,00_GOVERNANCE/01_Product_Vision/01_FOUNDATION/Intelligence/SymK_Foundation_Paper_Intelligence_v0.1.md,00_GOVERNANCE/01_Product_Vision/01_FOUNDATION/Intelligence/SymK_Foundation_Paper_Intelligence_v0.1.pdf
Intelligence,markdown_link,953,953,40,References,Publisher record -> https://doi.org/10.1016/S0160-2896(97,00_GOVERNANCE/01_Product_Vision/01_FOUNDATION/Intelligence/SymK_Foundation_Paper_Intelligence_v0.1.md,00_GOVERNANCE/01_Product_Vision/01_FOUNDATION/Intelligence/SymK_Foundation_Paper_Intelligence_v0.1.pdf
Intelligence,markdown_link,954,954,40,References,Publisher record -> https://mitpress.mit.edu/9780262581462/cognition-in-the-wild/,00_GOVERNANCE/01_Product_Vision/01_FOUNDATION/Intelligence/SymK_Foundation_Paper_Intelligence_v0.1.md,00_GOVERNANCE/01_Product_Vision/01_FOUNDATION/Intelligence/SymK_Foundation_Paper_Intelligence_v0.1.pdf
Intelligence,markdown_link,955,955,40,References,Open manuscript -> https://arxiv.org/abs/0712.3329,00_GOVERNANCE/01_Product_Vision/01_FOUNDATION/Intelligence/SymK_Foundation_Paper_Intelligence_v0.1.md,00_GOVERNANCE/01_Product_Vision/01_FOUNDATION/Intelligence/SymK_Foundation_Paper_Intelligence_v0.1.pdf
Intelligence,markdown_link,956,956,40,References,Publisher record -> https://mitpress.mit.edu/9780262514620/vision/,00_GOVERNANCE/01_Product_Vision/01_FOUNDATION/Intelligence/SymK_Foundation_Paper_Intelligence_v0.1.md,00_GOVERNANCE/01_Product_Vision/01_FOUNDATION/Intelligence/SymK_Foundation_Paper_Intelligence_v0.1.pdf
Intelligence,markdown_link,957,957,40,References,Publisher record -> https://doi.org/10.1145/360018.360022,00_GOVERNANCE/01_Product_Vision/01_FOUNDATION/Intelligence/SymK_Foundation_Paper_Intelligence_v0.1.md,00_GOVERNANCE/01_Product_Vision/01_FOUNDATION/Intelligence/SymK_Foundation_Paper_Intelligence_v0.1.pdf
Intelligence,markdown_link,958,958,40,References,Publisher record -> https://doi.org/10.1037/11494-000,00_GOVERNANCE/01_Product_Vision/01_FOUNDATION/Intelligence/SymK_Foundation_Paper_Intelligence_v0.1.md,00_GOVERNANCE/01_Product_Vision/01_FOUNDATION/Intelligence/SymK_Foundation_Paper_Intelligence_v0.1.pdf
Intelligence,markdown_link,960,960,40,References,Book site -> https://aima.cs.berkeley.edu/,00_GOVERNANCE/01_Product_Vision/01_FOUNDATION/Intelligence/SymK_Foundation_Paper_Intelligence_v0.1.md,00_GOVERNANCE/01_Product_Vision/01_FOUNDATION/Intelligence/SymK_Foundation_Paper_Intelligence_v0.1.pdf
Intelligence,markdown_link,961,961,40,References,Publisher record -> https://doi.org/10.2190/DUGG-P24E-52WK-6CDG,00_GOVERNANCE/01_Product_Vision/01_FOUNDATION/Intelligence/SymK_Foundation_Paper_Intelligence_v0.1.md,00_GOVERNANCE/01_Product_Vision/01_FOUNDATION/Intelligence/SymK_Foundation_Paper_Intelligence_v0.1.pdf
Intelligence,markdown_link,962,962,40,References,Publisher record -> https://doi.org/10.1017/S0140525X00005756,00_GOVERNANCE/01_Product_Vision/01_FOUNDATION/Intelligence/SymK_Foundation_Paper_Intelligence_v0.1.md,00_GOVERNANCE/01_Product_Vision/01_FOUNDATION/Intelligence/SymK_Foundation_Paper_Intelligence_v0.1.pdf
Intelligence,markdown_link,963,963,40,References,Publisher record -> https://doi.org/10.2307/1412107,00_GOVERNANCE/01_Product_Vision/01_FOUNDATION/Intelligence/SymK_Foundation_Paper_Intelligence_v0.1.md,00_GOVERNANCE/01_Product_Vision/01_FOUNDATION/Intelligence/SymK_Foundation_Paper_Intelligence_v0.1.pdf
Intelligence,markdown_link,966,966,40,References,Original article -> https://doi.org/10.1093/mind/LIX.236.433,00_GOVERNANCE/01_Product_Vision/01_FOUNDATION/Intelligence/SymK_Foundation_Paper_Intelligence_v0.1.md,00_GOVERNANCE/01_Product_Vision/01_FOUNDATION/Intelligence/SymK_Foundation_Paper_Intelligence_v0.1.pdf
Intelligence,markdown_link,967,967,40,References,Open manuscript -> https://arxiv.org/abs/2507.22423,00_GOVERNANCE/01_Product_Vision/01_FOUNDATION/Intelligence/SymK_Foundation_Paper_Intelligence_v0.1.md,00_GOVERNANCE/01_Product_Vision/01_FOUNDATION/Intelligence/SymK_Foundation_Paper_Intelligence_v0.1.pdf
Intelligence,markdown_link,968,968,40,References,Publisher record -> https://mitpress.mit.edu/9780262720212/the-embodied-mind/,00_GOVERNANCE/01_Product_Vision/01_FOUNDATION/Intelligence/SymK_Foundation_Paper_Intelligence_v0.1.md,00_GOVERNANCE/01_Product_Vision/01_FOUNDATION/Intelligence/SymK_Foundation_Paper_Intelligence_v0.1.pdf
Intelligence,markdown_link,971,971,41,References,Publisher record -> https://doi.org/10.1126/science.1193147,00_GOVERNANCE/01_Product_Vision/01_FOUNDATION/Intelligence/SymK_Foundation_Paper_Intelligence_v0.1.md,00_GOVERNANCE/01_Product_Vision/01_FOUNDATION/Intelligence/SymK_Foundation_Paper_Intelligence_v0.1.pdf
Intelligence,blockquote_callout,24,24,2,Abstract,"Intelligence is a substrate-realized capacity of an organized system. Its manifestations are plural; its attribution is scoped, evidence-bearing, and revisable.",00_GOVERNANCE/01_Product_Vision/01_FOUNDATION/Intelligence/SymK_Foundation_Paper_Intelligence_v0.1.md,00_GOVERNANCE/01_Product_Vision/01_FOUNDATION/Intelligence/SymK_Foundation_Paper_Intelligence_v0.1.pdf
Intelligence,blockquote_callout,72,72,4,"2. The Copernican correction: Human Intelligence is an instance, not the center",Human Intelligence is a manifestation of Intelligence. Intelligence is not defined as resemblance to a human being.,00_GOVERNANCE/01_Product_Vision/01_FOUNDATION/Intelligence/SymK_Foundation_Paper_Intelligence_v0.1.md,00_GOVERNANCE/01_Product_Vision/01_FOUNDATION/Intelligence/SymK_Foundation_Paper_Intelligence_v0.1.pdf
Intelligence,blockquote_callout,223,223,10,4. Substrate independence without substrate indifference,"The universal concept of Intelligence does not contain biological, electronic, or social material as a necessary definitional condition.",00_GOVERNANCE/01_Product_Vision/01_FOUNDATION/Intelligence/SymK_Foundation_Paper_Intelligence_v0.1.md,00_GOVERNANCE/01_Product_Vision/01_FOUNDATION/Intelligence/SymK_Foundation_Paper_Intelligence_v0.1.pdf
Intelligence,blockquote_callout,505,505,23,8. A working definition for SymK,"Intelligence, in SymK, is the substrate-realized capacity of an organized system—individual, collective, or hybrid—to produce context-sensitive interpretation or effective action across a relevant range of situations by integrating available structure, information, experience, and Knowledge, with some capacity to adapt when circumstances depart from prior cases.",00_GOVERNANCE/01_Product_Vision/01_FOUNDATION/Intelligence/SymK_Foundation_Paper_Intelligence_v0.1.md,00_GOVERNANCE/01_Product_Vision/01_FOUNDATION/Intelligence/SymK_Foundation_Paper_Intelligence_v0.1.pdf
Intelligence,blockquote_callout,541,541,24,8.1 Operational corollary,"SymK represents an Intelligence attribution as a governed, revisable claim about an identified system's capability profile, realization, scope, evidence, priors, resources, developmental history, limits, and role in cooperation.",00_GOVERNANCE/01_Product_Vision/01_FOUNDATION/Intelligence/SymK_Foundation_Paper_Intelligence_v0.1.md,00_GOVERNANCE/01_Product_Vision/01_FOUNDATION/Intelligence/SymK_Foundation_Paper_Intelligence_v0.1.pdf
Intelligence,blockquote_callout,547,547,25,8.2 The non-privilege corollary,"Participant type determines neither Intelligence in advance nor epistemic privilege. Human, Artificial, Social, and Hybrid Intelligences must be characterized by evidence without being forced into one manifestation profile.",00_GOVERNANCE/01_Product_Vision/01_FOUNDATION/Intelligence/SymK_Foundation_Paper_Intelligence_v0.1.md,00_GOVERNANCE/01_Product_Vision/01_FOUNDATION/Intelligence/SymK_Foundation_Paper_Intelligence_v0.1.pdf
Intelligence,blockquote_callout,553,553,25,8.3 Interpreting the SymK motto,"Knowledge is the shared medium. Cooperation is the objective. Intelligences are the diverse capacities through which the medium is created, challenged, interpreted, and applied.",00_GOVERNANCE/01_Product_Vision/01_FOUNDATION/Intelligence/SymK_Foundation_Paper_Intelligence_v0.1.md,00_GOVERNANCE/01_Product_Vision/01_FOUNDATION/Intelligence/SymK_Foundation_Paper_Intelligence_v0.1.pdf
Intelligence,blockquote_callout,928,928,38,15. Conclusion,Substrate-independent in concept; substrate-sensitive in realization.,00_GOVERNANCE/01_Product_Vision/01_FOUNDATION/Intelligence/SymK_Foundation_Paper_Intelligence_v0.1.md,00_GOVERNANCE/01_Product_Vision/01_FOUNDATION/Intelligence/SymK_Foundation_Paper_Intelligence_v0.1.pdf
Intelligence,blockquote_callout,932,932,23,15. Conclusion,"Intelligence, in SymK, is the substrate-realized capacity of an organized system—individual, collective, or hybrid—to produce context-sensitive interpretation or effective action across a relevant range of situations by integrating available structure, information, experience, and Knowledge, with some capacity to adapt when circumstances depart from prior cases.",00_GOVERNANCE/01_Product_Vision/01_FOUNDATION/Intelligence/SymK_Foundation_Paper_Intelligence_v0.1.md,00_GOVERNANCE/01_Product_Vision/01_FOUNDATION/Intelligence/SymK_Foundation_Paper_Intelligence_v0.1.pdf
Intelligence,blockquote_callout,936,936,24,15. Conclusion,"SymK represents an Intelligence attribution as a governed, revisable claim about an identified system's capability profile, realization, scope, evidence, priors, resources, developmental history, limits, and role in cooperation.",00_GOVERNANCE/01_Product_Vision/01_FOUNDATION/Intelligence/SymK_Foundation_Paper_Intelligence_v0.1.md,00_GOVERNANCE/01_Product_Vision/01_FOUNDATION/Intelligence/SymK_Foundation_Paper_Intelligence_v0.1.pdf
Intelligence,blockquote_callout,940,940,25,15. Conclusion,"Knowledge is the shared medium. Cooperation is the objective. Intelligences are the diverse capacities through which the medium is created, challenged, interpreted, and applied.",00_GOVERNANCE/01_Product_Vision/01_FOUNDATION/Intelligence/SymK_Foundation_Paper_Intelligence_v0.1.md,00_GOVERNANCE/01_Product_Vision/01_FOUNDATION/Intelligence/SymK_Foundation_Paper_Intelligence_v0.1.pdf
Intelligence,table,354,364,16,5.11 Comparative view,| Tradition | Primary object | Strongest contribution | Limitation as a universal definition | Appropriate SymK role |,00_GOVERNANCE/01_Product_Vision/01_FOUNDATION/Intelligence/SymK_Foundation_Paper_Intelligence_v0.1.md,00_GOVERNANCE/01_Product_Vision/01_FOUNDATION/Intelligence/SymK_Foundation_Paper_Intelligence_v0.1.pdf
Intelligence,table,890,906,36,14. A practical Intelligence attribution gate,| Gate | Question |,00_GOVERNANCE/01_Product_Vision/01_FOUNDATION/Intelligence/SymK_Foundation_Paper_Intelligence_v0.1.md,00_GOVERNANCE/01_Product_Vision/01_FOUNDATION/Intelligence/SymK_Foundation_Paper_Intelligence_v0.1.pdf
Intelligence,text_diagram_or_code_block,126,148,6,3. The levels SymK must keep distinct,language=text,00_GOVERNANCE/01_Product_Vision/01_FOUNDATION/Intelligence/SymK_Foundation_Paper_Intelligence_v0.1.md,00_GOVERNANCE/01_Product_Vision/01_FOUNDATION/Intelligence/SymK_Foundation_Paper_Intelligence_v0.1.pdf
Intelligence,text_diagram_or_code_block,561,614,25,9. The proposed SymK Intelligence object,language=text,00_GOVERNANCE/01_Product_Vision/01_FOUNDATION/Intelligence/SymK_Foundation_Paper_Intelligence_v0.1.md,00_GOVERNANCE/01_Product_Vision/01_FOUNDATION/Intelligence/SymK_Foundation_Paper_Intelligence_v0.1.pdf
Intelligence,text_diagram_or_code_block,922,924,38,15. Conclusion,language=text,00_GOVERNANCE/01_Product_Vision/01_FOUNDATION/Intelligence/SymK_Foundation_Paper_Intelligence_v0.1.md,00_GOVERNANCE/01_Product_Vision/01_FOUNDATION/Intelligence/SymK_Foundation_Paper_Intelligence_v0.1.pdf
Intelligence,pdf_structure,1,41,1,Publication projection,41 A4 pages; Tagged=no; embedded raster images=0,00_GOVERNANCE/01_Product_Vision/01_FOUNDATION/Intelligence/SymK_Foundation_Paper_Intelligence_v0.1.md,00_GOVERNANCE/01_Product_Vision/01_FOUNDATION/Intelligence/SymK_Foundation_Paper_Intelligence_v0.1.pdf
Education and Training,reference_entry,534,534,22,References,"- Aristotle. Nicomachean Ethics, especially Book II on virtue and habituation. [Perseus Digital Library](https://www.perseus.tufts.edu/hopper/text?doc=Perseus:text:1999.01.0054).",00_GOVERNANCE/01_Product_Vision/01_FOUNDATION/Education_and_Training/SymK_Foundation_Paper_Education_for_Cooperation_v0.1.md,00_GOVERNANCE/01_Product_Vision/01_FOUNDATION/Education_and_Training/SymK_Foundation_Paper_Education_for_Cooperation_v0.1.pdf
Education and Training,reference_entry,535,535,22,References,"- Delors, J., et al. (1996). Learning: The Treasure Within. UNESCO. [UNESCO record](https://unesdoc.unesco.org/ark:/48223/pf0000109590).",00_GOVERNANCE/01_Product_Vision/01_FOUNDATION/Education_and_Training/SymK_Foundation_Paper_Education_for_Cooperation_v0.1.md,00_GOVERNANCE/01_Product_Vision/01_FOUNDATION/Education_and_Training/SymK_Foundation_Paper_Education_for_Cooperation_v0.1.pdf
Education and Training,reference_entry,536,536,22,References,"- Dewey, J. (1916). Democracy and Education. Macmillan. [Project Gutenberg edition](https://www.gutenberg.org/ebooks/852).",00_GOVERNANCE/01_Product_Vision/01_FOUNDATION/Education_and_Training/SymK_Foundation_Paper_Education_for_Cooperation_v0.1.md,00_GOVERNANCE/01_Product_Vision/01_FOUNDATION/Education_and_Training/SymK_Foundation_Paper_Education_for_Cooperation_v0.1.pdf
Education and Training,reference_entry,537,537,22,References,"- Dewey, J. (1922). Human Nature and Conduct: An Introduction to Social Psychology. Henry Holt. [Project Gutenberg edition](https://www.gutenberg.org/ebooks/41386).",00_GOVERNANCE/01_Product_Vision/01_FOUNDATION/Education_and_Training/SymK_Foundation_Paper_Education_for_Cooperation_v0.1.md,00_GOVERNANCE/01_Product_Vision/01_FOUNDATION/Education_and_Training/SymK_Foundation_Paper_Education_for_Cooperation_v0.1.pdf
Education and Training,reference_entry,538,538,22,References,"- Durlak, J. A., Weissberg, R. P., Dymnicki, A. B., Taylor, R. D., and Schellinger, K. B. (2011). “The Impact of Enhancing Students' Social and Emotional Learning: A Meta-Analysis of School-Based Universal Interventions.” Child Development, 82(1), 405-432. [Publisher record](https://doi.org/10.1111/j.1467-8624.2010.01564.x).",00_GOVERNANCE/01_Product_Vision/01_FOUNDATION/Education_and_Training/SymK_Foundation_Paper_Education_for_Cooperation_v0.1.md,00_GOVERNANCE/01_Product_Vision/01_FOUNDATION/Education_and_Training/SymK_Foundation_Paper_Education_for_Cooperation_v0.1.pdf
Education and Training,reference_entry,539,539,22,References,"- Fesmire, S. (2024). “John Dewey.” Stanford Encyclopedia of Philosophy. [Entry](https://plato.stanford.edu/entries/dewey/).",00_GOVERNANCE/01_Product_Vision/01_FOUNDATION/Education_and_Training/SymK_Foundation_Paper_Education_for_Cooperation_v0.1.md,00_GOVERNANCE/01_Product_Vision/01_FOUNDATION/Education_and_Training/SymK_Foundation_Paper_Education_for_Cooperation_v0.1.pdf
Education and Training,reference_entry,540,540,22,References,"- Freire, P. (1970/2000). Pedagogy of the Oppressed. Continuum.",00_GOVERNANCE/01_Product_Vision/01_FOUNDATION/Education_and_Training/SymK_Foundation_Paper_Education_for_Cooperation_v0.1.md,00_GOVERNANCE/01_Product_Vision/01_FOUNDATION/Education_and_Training/SymK_Foundation_Paper_Education_for_Cooperation_v0.1.pdf
Education and Training,reference_entry,541,541,22,References,"- Kohlberg, L. (1981). The Philosophy of Moral Development. Harper & Row.",00_GOVERNANCE/01_Product_Vision/01_FOUNDATION/Education_and_Training/SymK_Foundation_Paper_Education_for_Cooperation_v0.1.md,00_GOVERNANCE/01_Product_Vision/01_FOUNDATION/Education_and_Training/SymK_Foundation_Paper_Education_for_Cooperation_v0.1.pdf
Education and Training,reference_entry,542,542,22,References,"- Lave, J., and Wenger, E. (1991). Situated Learning: Legitimate Peripheral Participation. Cambridge University Press. [Publisher record](https://doi.org/10.1017/CBO9780511815355).",00_GOVERNANCE/01_Product_Vision/01_FOUNDATION/Education_and_Training/SymK_Foundation_Paper_Education_for_Cooperation_v0.1.md,00_GOVERNANCE/01_Product_Vision/01_FOUNDATION/Education_and_Training/SymK_Foundation_Paper_Education_for_Cooperation_v0.1.pdf
Education and Training,reference_entry,543,543,22,References,"- Mezirow, J. (1991). Transformative Dimensions of Adult Learning. Jossey-Bass.",00_GOVERNANCE/01_Product_Vision/01_FOUNDATION/Education_and_Training/SymK_Foundation_Paper_Education_for_Cooperation_v0.1.md,00_GOVERNANCE/01_Product_Vision/01_FOUNDATION/Education_and_Training/SymK_Foundation_Paper_Education_for_Cooperation_v0.1.pdf
Education and Training,reference_entry,544,544,22,References,- OECD. (2024). Nurturing Social and Emotional Learning Across the Globe. OECD Publishing. [Report](https://doi.org/10.1787/32b647d0-en).,00_GOVERNANCE/01_Product_Vision/01_FOUNDATION/Education_and_Training/SymK_Foundation_Paper_Education_for_Cooperation_v0.1.md,00_GOVERNANCE/01_Product_Vision/01_FOUNDATION/Education_and_Training/SymK_Foundation_Paper_Education_for_Cooperation_v0.1.pdf
Education and Training,reference_entry,545,545,22,References,"- Phillips, D. C., Siegel, H., and Callan, E. (2024). “Philosophy of Education.” Stanford Encyclopedia of Philosophy. [Entry](https://plato.stanford.edu/entries/education-philosophy/).",00_GOVERNANCE/01_Product_Vision/01_FOUNDATION/Education_and_Training/SymK_Foundation_Paper_Education_for_Cooperation_v0.1.md,00_GOVERNANCE/01_Product_Vision/01_FOUNDATION/Education_and_Training/SymK_Foundation_Paper_Education_for_Cooperation_v0.1.pdf
Education and Training,reference_entry,546,546,22,References,"- Ryle, G. (1949). The Concept of Mind. Hutchinson.",00_GOVERNANCE/01_Product_Vision/01_FOUNDATION/Education_and_Training/SymK_Foundation_Paper_Education_for_Cooperation_v0.1.md,00_GOVERNANCE/01_Product_Vision/01_FOUNDATION/Education_and_Training/SymK_Foundation_Paper_Education_for_Cooperation_v0.1.pdf
Education and Training,reference_entry,547,547,22,References,"- Schön, D. A. (1983). The Reflective Practitioner. Basic Books.",00_GOVERNANCE/01_Product_Vision/01_FOUNDATION/Education_and_Training/SymK_Foundation_Paper_Education_for_Cooperation_v0.1.md,00_GOVERNANCE/01_Product_Vision/01_FOUNDATION/Education_and_Training/SymK_Foundation_Paper_Education_for_Cooperation_v0.1.pdf
Education and Training,reference_entry,548,548,22,References,"- Vygotsky, L. S. (1978). Mind in Society: The Development of Higher Psychological Processes. Harvard University Press.",00_GOVERNANCE/01_Product_Vision/01_FOUNDATION/Education_and_Training/SymK_Foundation_Paper_Education_for_Cooperation_v0.1.md,00_GOVERNANCE/01_Product_Vision/01_FOUNDATION/Education_and_Training/SymK_Foundation_Paper_Education_for_Cooperation_v0.1.pdf
Education and Training,reference_entry,549,549,22,References,"- Wenger, E. (1998). Communities of Practice: Learning, Meaning, and Identity. Cambridge University Press. [Publisher record](https://doi.org/10.1017/CBO9780511803932).",00_GOVERNANCE/01_Product_Vision/01_FOUNDATION/Education_and_Training/SymK_Foundation_Paper_Education_for_Cooperation_v0.1.md,00_GOVERNANCE/01_Product_Vision/01_FOUNDATION/Education_and_Training/SymK_Foundation_Paper_Education_for_Cooperation_v0.1.pdf
Education and Training,inline_citation,100,100,8,3. The correction: Education needs Training,Dewey 1922; Fesmire 2024,00_GOVERNANCE/01_Product_Vision/01_FOUNDATION/Education_and_Training/SymK_Foundation_Paper_Education_for_Cooperation_v0.1.md,00_GOVERNANCE/01_Product_Vision/01_FOUNDATION/Education_and_Training/SymK_Foundation_Paper_Education_for_Cooperation_v0.1.pdf
Education and Training,inline_citation,118,118,9,4. Education as formation for a shared world,Dewey 1916,00_GOVERNANCE/01_Product_Vision/01_FOUNDATION/Education_and_Training/SymK_Foundation_Paper_Education_for_Cooperation_v0.1.md,00_GOVERNANCE/01_Product_Vision/01_FOUNDATION/Education_and_Training/SymK_Foundation_Paper_Education_for_Cooperation_v0.1.pdf
Education and Training,inline_citation,118,118,9,4. Education as formation for a shared world,Delors et al. 1996,00_GOVERNANCE/01_Product_Vision/01_FOUNDATION/Education_and_Training/SymK_Foundation_Paper_Education_for_Cooperation_v0.1.md,00_GOVERNANCE/01_Product_Vision/01_FOUNDATION/Education_and_Training/SymK_Foundation_Paper_Education_for_Cooperation_v0.1.pdf
Education and Training,markdown_link,534,534,22,References,Perseus Digital Library -> https://www.perseus.tufts.edu/hopper/text?doc=Perseus:text:1999.01.0054,00_GOVERNANCE/01_Product_Vision/01_FOUNDATION/Education_and_Training/SymK_Foundation_Paper_Education_for_Cooperation_v0.1.md,00_GOVERNANCE/01_Product_Vision/01_FOUNDATION/Education_and_Training/SymK_Foundation_Paper_Education_for_Cooperation_v0.1.pdf
Education and Training,markdown_link,535,535,22,References,UNESCO record -> https://unesdoc.unesco.org/ark:/48223/pf0000109590,00_GOVERNANCE/01_Product_Vision/01_FOUNDATION/Education_and_Training/SymK_Foundation_Paper_Education_for_Cooperation_v0.1.md,00_GOVERNANCE/01_Product_Vision/01_FOUNDATION/Education_and_Training/SymK_Foundation_Paper_Education_for_Cooperation_v0.1.pdf
Education and Training,markdown_link,536,536,22,References,Project Gutenberg edition -> https://www.gutenberg.org/ebooks/852,00_GOVERNANCE/01_Product_Vision/01_FOUNDATION/Education_and_Training/SymK_Foundation_Paper_Education_for_Cooperation_v0.1.md,00_GOVERNANCE/01_Product_Vision/01_FOUNDATION/Education_and_Training/SymK_Foundation_Paper_Education_for_Cooperation_v0.1.pdf
Education and Training,markdown_link,537,537,22,References,Project Gutenberg edition -> https://www.gutenberg.org/ebooks/41386,00_GOVERNANCE/01_Product_Vision/01_FOUNDATION/Education_and_Training/SymK_Foundation_Paper_Education_for_Cooperation_v0.1.md,00_GOVERNANCE/01_Product_Vision/01_FOUNDATION/Education_and_Training/SymK_Foundation_Paper_Education_for_Cooperation_v0.1.pdf
Education and Training,markdown_link,538,538,22,References,Publisher record -> https://doi.org/10.1111/j.1467-8624.2010.01564.x,00_GOVERNANCE/01_Product_Vision/01_FOUNDATION/Education_and_Training/SymK_Foundation_Paper_Education_for_Cooperation_v0.1.md,00_GOVERNANCE/01_Product_Vision/01_FOUNDATION/Education_and_Training/SymK_Foundation_Paper_Education_for_Cooperation_v0.1.pdf
Education and Training,markdown_link,539,539,22,References,Entry -> https://plato.stanford.edu/entries/dewey/,00_GOVERNANCE/01_Product_Vision/01_FOUNDATION/Education_and_Training/SymK_Foundation_Paper_Education_for_Cooperation_v0.1.md,00_GOVERNANCE/01_Product_Vision/01_FOUNDATION/Education_and_Training/SymK_Foundation_Paper_Education_for_Cooperation_v0.1.pdf
Education and Training,markdown_link,542,542,22,References,Publisher record -> https://doi.org/10.1017/CBO9780511815355,00_GOVERNANCE/01_Product_Vision/01_FOUNDATION/Education_and_Training/SymK_Foundation_Paper_Education_for_Cooperation_v0.1.md,00_GOVERNANCE/01_Product_Vision/01_FOUNDATION/Education_and_Training/SymK_Foundation_Paper_Education_for_Cooperation_v0.1.pdf
Education and Training,markdown_link,544,544,22,References,Report -> https://doi.org/10.1787/32b647d0-en,00_GOVERNANCE/01_Product_Vision/01_FOUNDATION/Education_and_Training/SymK_Foundation_Paper_Education_for_Cooperation_v0.1.md,00_GOVERNANCE/01_Product_Vision/01_FOUNDATION/Education_and_Training/SymK_Foundation_Paper_Education_for_Cooperation_v0.1.pdf
Education and Training,markdown_link,545,545,22,References,Entry -> https://plato.stanford.edu/entries/education-philosophy/,00_GOVERNANCE/01_Product_Vision/01_FOUNDATION/Education_and_Training/SymK_Foundation_Paper_Education_for_Cooperation_v0.1.md,00_GOVERNANCE/01_Product_Vision/01_FOUNDATION/Education_and_Training/SymK_Foundation_Paper_Education_for_Cooperation_v0.1.pdf
Education and Training,markdown_link,549,549,22,References,Publisher record -> https://doi.org/10.1017/CBO9780511803932,00_GOVERNANCE/01_Product_Vision/01_FOUNDATION/Education_and_Training/SymK_Foundation_Paper_Education_for_Cooperation_v0.1.md,00_GOVERNANCE/01_Product_Vision/01_FOUNDATION/Education_and_Training/SymK_Foundation_Paper_Education_for_Cooperation_v0.1.pdf
Education and Training,blockquote_callout,24,24,,Abstract,"Cooperation among intelligences requires Education for relationship, and Education becomes effective through the repeated Training of habits that make responsible participation possible.",00_GOVERNANCE/01_Product_Vision/01_FOUNDATION/Education_and_Training/SymK_Foundation_Paper_Education_for_Cooperation_v0.1.md,00_GOVERNANCE/01_Product_Vision/01_FOUNDATION/Education_and_Training/SymK_Foundation_Paper_Education_for_Cooperation_v0.1.pdf
Education and Training,blockquote_callout,34,34,5,1. Why Education is foundational to SymK,"What makes an Intelligence capable of entering, sustaining, and improving a relationship with other Intelligences?",00_GOVERNANCE/01_Product_Vision/01_FOUNDATION/Education_and_Training/SymK_Foundation_Paper_Education_for_Cooperation_v0.1.md,00_GOVERNANCE/01_Product_Vision/01_FOUNDATION/Education_and_Training/SymK_Foundation_Paper_Education_for_Cooperation_v0.1.pdf
Education and Training,blockquote_callout,44,44,5,1. Why Education is foundational to SymK,Knowledge is the shared medium. Cooperation is the objective. Education forms Intelligences for responsible participation in that cooperation.,00_GOVERNANCE/01_Product_Vision/01_FOUNDATION/Education_and_Training/SymK_Foundation_Paper_Education_for_Cooperation_v0.1.md,00_GOVERNANCE/01_Product_Vision/01_FOUNDATION/Education_and_Training/SymK_Foundation_Paper_Education_for_Cooperation_v0.1.pdf
Education and Training,blockquote_callout,104,104,8,3. The correction: Education needs Training,Education without habituation remains fragile. Training is one of the means by which educational commitments acquire durable form in conduct.,00_GOVERNANCE/01_Product_Vision/01_FOUNDATION/Education_and_Training/SymK_Foundation_Paper_Education_for_Cooperation_v0.1.md,00_GOVERNANCE/01_Product_Vision/01_FOUNDATION/Education_and_Training/SymK_Foundation_Paper_Education_for_Cooperation_v0.1.pdf
Education and Training,blockquote_callout,108,108,8,3. The correction: Education needs Training,"Training without Education can stabilize conduct whose meaning, purpose, justice, and limits the participant cannot examine.",00_GOVERNANCE/01_Product_Vision/01_FOUNDATION/Education_and_Training/SymK_Foundation_Paper_Education_for_Cooperation_v0.1.md,00_GOVERNANCE/01_Product_Vision/01_FOUNDATION/Education_and_Training/SymK_Foundation_Paper_Education_for_Cooperation_v0.1.pdf
Education and Training,blockquote_callout,184,184,11,6. The Axiom of Cooperative Formation,"Stable cooperation among Intelligences depends upon their Education for relationship. Such Education becomes effective through the repeated Training of habits that make recognition, communication, restraint, responsibility, correction, and mutual adaptation possible.",00_GOVERNANCE/01_Product_Vision/01_FOUNDATION/Education_and_Training/SymK_Foundation_Paper_Education_for_Cooperation_v0.1.md,00_GOVERNANCE/01_Product_Vision/01_FOUNDATION/Education_and_Training/SymK_Foundation_Paper_Education_for_Cooperation_v0.1.pdf
Education and Training,blockquote_callout,206,206,11,6.4 Formation remains revisable,An Intelligence may possess great Knowledge and capability while remaining uneducated for cooperation.,00_GOVERNANCE/01_Product_Vision/01_FOUNDATION/Education_and_Training/SymK_Foundation_Paper_Education_for_Cooperation_v0.1.md,00_GOVERNANCE/01_Product_Vision/01_FOUNDATION/Education_and_Training/SymK_Foundation_Paper_Education_for_Cooperation_v0.1.pdf
Education and Training,blockquote_callout,212,212,12,7. A working definition for SymK,"Education, in SymK, is the developmental formation of an Intelligence, or a cooperative system of Intelligences, through Knowledge, experience, practice, relationship, and reflective challenge, by which its capacity for responsible participation in a shared world becomes broader, more integrated, more reliable, and more revisable.",00_GOVERNANCE/01_Product_Vision/01_FOUNDATION/Education_and_Training/SymK_Foundation_Paper_Education_for_Cooperation_v0.1.md,00_GOVERNANCE/01_Product_Vision/01_FOUNDATION/Education_and_Training/SymK_Foundation_Paper_Education_for_Cooperation_v0.1.pdf
Education and Training,blockquote_callout,214,214,12,7. A working definition for SymK,"Training, in SymK, is the directed and normally repeated modification of a capability or disposition toward stated performance conditions through practice, feedback, correction, reinforcement, or adaptation.",00_GOVERNANCE/01_Product_Vision/01_FOUNDATION/Education_and_Training/SymK_Foundation_Paper_Education_for_Cooperation_v0.1.md,00_GOVERNANCE/01_Product_Vision/01_FOUNDATION/Education_and_Training/SymK_Foundation_Paper_Education_for_Cooperation_v0.1.pdf
Education and Training,blockquote_callout,520,520,11,15. Conclusion,"Stable cooperation among Intelligences depends upon their Education for relationship. Such Education becomes effective through the repeated Training of habits that make recognition, communication, restraint, responsibility, correction, and mutual adaptation possible.",00_GOVERNANCE/01_Product_Vision/01_FOUNDATION/Education_and_Training/SymK_Foundation_Paper_Education_for_Cooperation_v0.1.md,00_GOVERNANCE/01_Product_Vision/01_FOUNDATION/Education_and_Training/SymK_Foundation_Paper_Education_for_Cooperation_v0.1.pdf
Education and Training,blockquote_callout,524,524,21,15. Conclusion,Knowledge is the shared medium. Cooperation is the objective. Education forms Intelligences for responsible participation in that cooperation. Training gives cooperative formation durable expression in practice.,00_GOVERNANCE/01_Product_Vision/01_FOUNDATION/Education_and_Training/SymK_Foundation_Paper_Education_for_Cooperation_v0.1.md,00_GOVERNANCE/01_Product_Vision/01_FOUNDATION/Education_and_Training/SymK_Foundation_Paper_Education_for_Cooperation_v0.1.pdf
Education and Training,table,82,88,7,2.6 Comparative view,| Process | Primary object of change | Characteristic mechanism | Success question | Constitutional risk |,00_GOVERNANCE/01_Product_Vision/01_FOUNDATION/Education_and_Training/SymK_Foundation_Paper_Education_for_Cooperation_v0.1.md,00_GOVERNANCE/01_Product_Vision/01_FOUNDATION/Education_and_Training/SymK_Foundation_Paper_Education_for_Cooperation_v0.1.pdf
Education and Training,table,491,506,20,14. A practical Cooperative Formation gate,| Dimension | Question |,00_GOVERNANCE/01_Product_Vision/01_FOUNDATION/Education_and_Training/SymK_Foundation_Paper_Education_for_Cooperation_v0.1.md,00_GOVERNANCE/01_Product_Vision/01_FOUNDATION/Education_and_Training/SymK_Foundation_Paper_Education_for_Cooperation_v0.1.pdf
Education and Training,pdf_structure,1,23,1,Publication projection,23 A4 pages; Tagged=no; embedded raster images=0,00_GOVERNANCE/01_Product_Vision/01_FOUNDATION/Education_and_Training/SymK_Foundation_Paper_Education_for_Cooperation_v0.1.md,00_GOVERNANCE/01_Product_Vision/01_FOUNDATION/Education_and_Training/SymK_Foundation_Paper_Education_for_Cooperation_v0.1.pdf
Education and Training,pdf_generated_contents,0,0,4,Publication projection,Generated contents page not present as a Markdown heading,00_GOVERNANCE/01_Product_Vision/01_FOUNDATION/Education_and_Training/SymK_Foundation_Paper_Education_for_Cooperation_v0.1.md,00_GOVERNANCE/01_Product_Vision/01_FOUNDATION/Education_and_Training/SymK_Foundation_Paper_Education_for_Cooperation_v0.1.pdf
Knowledge Engineering,reference_entry,629,629,19,References,"- Angele, J., Fensel, D., Landes, D., and Studer, R. (1998). “Developing Knowledge-Based Systems with MIKE.” Automated Software Engineering, 5, 389-418. [Publisher record](https://doi.org/10.1023/A:1008653328901).",00_GOVERNANCE/01_Product_Vision/01_FOUNDATION/Knowledge_Engineering/SymK_Foundation_Paper_Knowledge_Engineering_v0.1.md,00_GOVERNANCE/01_Product_Vision/01_FOUNDATION/Knowledge_Engineering/SymK_Foundation_Paper_Knowledge_Engineering_v0.1.pdf
Knowledge Engineering,reference_entry,630,630,19,References,"- Buchanan, B. G., and Shortliffe, E. H., eds. (1984). Rule-Based Expert Systems: The MYCIN Experiments of the Stanford Heuristic Programming Project. Addison-Wesley. [Open text](https://people.dbmi.columbia.edu/~ehs7001/Buchanan-Shortliffe-1984/).",00_GOVERNANCE/01_Product_Vision/01_FOUNDATION/Knowledge_Engineering/SymK_Foundation_Paper_Knowledge_Engineering_v0.1.md,00_GOVERNANCE/01_Product_Vision/01_FOUNDATION/Knowledge_Engineering/SymK_Foundation_Paper_Knowledge_Engineering_v0.1.pdf
Knowledge Engineering,reference_entry,631,631,19,References,"- Feigenbaum, E. A. (1977). “The Art of Artificial Intelligence: Themes and Case Studies of Knowledge Engineering.” Proceedings of IJCAI-77. [Archival record](https://apps.dtic.mil/sti/citations/ADA046289).",00_GOVERNANCE/01_Product_Vision/01_FOUNDATION/Knowledge_Engineering/SymK_Foundation_Paper_Knowledge_Engineering_v0.1.md,00_GOVERNANCE/01_Product_Vision/01_FOUNDATION/Knowledge_Engineering/SymK_Foundation_Paper_Knowledge_Engineering_v0.1.pdf
Knowledge Engineering,reference_entry,632,632,19,References,"- Forsythe, D. E. (1993). “Engineering Knowledge: The Construction of Knowledge in Artificial Intelligence.” Social Studies of Science, 23(3), 445-477. [Publisher record](https://doi.org/10.1177/0306312793023003002).",00_GOVERNANCE/01_Product_Vision/01_FOUNDATION/Knowledge_Engineering/SymK_Foundation_Paper_Knowledge_Engineering_v0.1.md,00_GOVERNANCE/01_Product_Vision/01_FOUNDATION/Knowledge_Engineering/SymK_Foundation_Paper_Knowledge_Engineering_v0.1.pdf
Knowledge Engineering,reference_entry,633,633,19,References,"- Gruber, T. R. (1993). “A Translation Approach to Portable Ontology Specifications.” Knowledge Acquisition, 5(2), 199-220. [Publisher record](https://doi.org/10.1006/knac.1993.1008).",00_GOVERNANCE/01_Product_Vision/01_FOUNDATION/Knowledge_Engineering/SymK_Foundation_Paper_Knowledge_Engineering_v0.1.md,00_GOVERNANCE/01_Product_Vision/01_FOUNDATION/Knowledge_Engineering/SymK_Foundation_Paper_Knowledge_Engineering_v0.1.pdf
Knowledge Engineering,reference_entry,634,634,19,References,"- Hogan, A., Blomqvist, E., Cochez, M., et al. (2021). “Knowledge Graphs.” ACM Computing Surveys, 54(4), Article 71. [Open manuscript](https://arxiv.org/abs/2003.02320).",00_GOVERNANCE/01_Product_Vision/01_FOUNDATION/Knowledge_Engineering/SymK_Foundation_Paper_Knowledge_Engineering_v0.1.md,00_GOVERNANCE/01_Product_Vision/01_FOUNDATION/Knowledge_Engineering/SymK_Foundation_Paper_Knowledge_Engineering_v0.1.pdf
Knowledge Engineering,reference_entry,635,635,19,References,"- Newell, A. (1982). “The Knowledge Level.” Artificial Intelligence, 18(1), 87-127. [Publisher record](https://doi.org/10.1016/0004-3702(82)90012-1).",00_GOVERNANCE/01_Product_Vision/01_FOUNDATION/Knowledge_Engineering/SymK_Foundation_Paper_Knowledge_Engineering_v0.1.md,00_GOVERNANCE/01_Product_Vision/01_FOUNDATION/Knowledge_Engineering/SymK_Foundation_Paper_Knowledge_Engineering_v0.1.pdf
Knowledge Engineering,reference_entry,636,636,19,References,"- Nonaka, I. (1994). “A Dynamic Theory of Organizational Knowledge Creation.” Organization Science, 5(1), 14-37. [Publisher record](https://doi.org/10.1287/orsc.5.1.14).",00_GOVERNANCE/01_Product_Vision/01_FOUNDATION/Knowledge_Engineering/SymK_Foundation_Paper_Knowledge_Engineering_v0.1.md,00_GOVERNANCE/01_Product_Vision/01_FOUNDATION/Knowledge_Engineering/SymK_Foundation_Paper_Knowledge_Engineering_v0.1.pdf
Knowledge Engineering,reference_entry,637,637,19,References,"- Polanyi, M. (1966). The Tacit Dimension. University of Chicago Press.",00_GOVERNANCE/01_Product_Vision/01_FOUNDATION/Knowledge_Engineering/SymK_Foundation_Paper_Knowledge_Engineering_v0.1.md,00_GOVERNANCE/01_Product_Vision/01_FOUNDATION/Knowledge_Engineering/SymK_Foundation_Paper_Knowledge_Engineering_v0.1.pdf
Knowledge Engineering,reference_entry,638,638,19,References,"- Schreiber, G., Akkermans, H., Anjewierden, A., de Hoog, R., Shadbolt, N., Van de Velde, W., and Wielinga, B. (2000). Knowledge Engineering and Management: The CommonKADS Methodology. MIT Press. [Publisher record](https://mitpress.mit.edu/9780262193009/knowledge-engineering-and-management/).",00_GOVERNANCE/01_Product_Vision/01_FOUNDATION/Knowledge_Engineering/SymK_Foundation_Paper_Knowledge_Engineering_v0.1.md,00_GOVERNANCE/01_Product_Vision/01_FOUNDATION/Knowledge_Engineering/SymK_Foundation_Paper_Knowledge_Engineering_v0.1.pdf
Knowledge Engineering,reference_entry,639,639,19,References,"- Shadbolt, N., and Smart, P. R. (2015). “Knowledge Elicitation: Methods, Tools and Techniques.” In J. R. Wilson and S. Sharples, eds., Evaluation of Human Work, 4th ed. CRC Press.",00_GOVERNANCE/01_Product_Vision/01_FOUNDATION/Knowledge_Engineering/SymK_Foundation_Paper_Knowledge_Engineering_v0.1.md,00_GOVERNANCE/01_Product_Vision/01_FOUNDATION/Knowledge_Engineering/SymK_Foundation_Paper_Knowledge_Engineering_v0.1.pdf
Knowledge Engineering,reference_entry,640,640,19,References,"- Studer, R., Benjamins, V. R., and Fensel, D. (1998). “Knowledge Engineering: Principles and Methods.” Data & Knowledge Engineering, 25(1-2), 161-197. [Publisher record](https://doi.org/10.1016/S0169-023X(97)00056-6).",00_GOVERNANCE/01_Product_Vision/01_FOUNDATION/Knowledge_Engineering/SymK_Foundation_Paper_Knowledge_Engineering_v0.1.md,00_GOVERNANCE/01_Product_Vision/01_FOUNDATION/Knowledge_Engineering/SymK_Foundation_Paper_Knowledge_Engineering_v0.1.pdf
Knowledge Engineering,reference_entry,641,641,19,References,"- W3C. (2012). OWL 2 Web Ontology Language Document Overview, Second Edition. W3C Recommendation. [Specification](https://www.w3.org/TR/owl2-overview/).",00_GOVERNANCE/01_Product_Vision/01_FOUNDATION/Knowledge_Engineering/SymK_Foundation_Paper_Knowledge_Engineering_v0.1.md,00_GOVERNANCE/01_Product_Vision/01_FOUNDATION/Knowledge_Engineering/SymK_Foundation_Paper_Knowledge_Engineering_v0.1.pdf
Knowledge Engineering,reference_entry,642,642,19,References,"- Wielinga, B. J., Schreiber, A. T., and Breuker, J. A. (1992). “KADS: A Modelling Approach to Knowledge Engineering.” Knowledge Acquisition, 4(1), 5-53. [Publisher record](https://doi.org/10.1016/1042-8143(92)90013-Q).",00_GOVERNANCE/01_Product_Vision/01_FOUNDATION/Knowledge_Engineering/SymK_Foundation_Paper_Knowledge_Engineering_v0.1.md,00_GOVERNANCE/01_Product_Vision/01_FOUNDATION/Knowledge_Engineering/SymK_Foundation_Paper_Knowledge_Engineering_v0.1.pdf
Knowledge Engineering,inline_citation,90,90,6,3.1 The expert-systems origin,Feigenbaum 1977,00_GOVERNANCE/01_Product_Vision/01_FOUNDATION/Knowledge_Engineering/SymK_Foundation_Paper_Knowledge_Engineering_v0.1.md,00_GOVERNANCE/01_Product_Vision/01_FOUNDATION/Knowledge_Engineering/SymK_Foundation_Paper_Knowledge_Engineering_v0.1.pdf
Knowledge Engineering,inline_citation,102,102,6,3.3 From transfer to modeling,"Studer, Benjamins, and Fensel 1998",00_GOVERNANCE/01_Product_Vision/01_FOUNDATION/Knowledge_Engineering/SymK_Foundation_Paper_Knowledge_Engineering_v0.1.md,00_GOVERNANCE/01_Product_Vision/01_FOUNDATION/Knowledge_Engineering/SymK_Foundation_Paper_Knowledge_Engineering_v0.1.pdf
Knowledge Engineering,inline_citation,110,110,7,3.4 Ontologies and shared conceptualization,Gruber 1993,00_GOVERNANCE/01_Product_Vision/01_FOUNDATION/Knowledge_Engineering/SymK_Foundation_Paper_Knowledge_Engineering_v0.1.md,00_GOVERNANCE/01_Product_Vision/01_FOUNDATION/Knowledge_Engineering/SymK_Foundation_Paper_Knowledge_Engineering_v0.1.pdf
Knowledge Engineering,inline_citation,110,110,7,3.4 Ontologies and shared conceptualization,W3C 2012,00_GOVERNANCE/01_Product_Vision/01_FOUNDATION/Knowledge_Engineering/SymK_Foundation_Paper_Knowledge_Engineering_v0.1.md,00_GOVERNANCE/01_Product_Vision/01_FOUNDATION/Knowledge_Engineering/SymK_Foundation_Paper_Knowledge_Engineering_v0.1.pdf
Knowledge Engineering,inline_citation,116,116,7,3.5 Knowledge graphs and integration,Hogan et al. 2021,00_GOVERNANCE/01_Product_Vision/01_FOUNDATION/Knowledge_Engineering/SymK_Foundation_Paper_Knowledge_Engineering_v0.1.md,00_GOVERNANCE/01_Product_Vision/01_FOUNDATION/Knowledge_Engineering/SymK_Foundation_Paper_Knowledge_Engineering_v0.1.pdf
Knowledge Engineering,inline_citation,209,209,9,6.2 Tacit Knowledge is not merely undocumented text,Polanyi 1966,00_GOVERNANCE/01_Product_Vision/01_FOUNDATION/Knowledge_Engineering/SymK_Foundation_Paper_Knowledge_Engineering_v0.1.md,00_GOVERNANCE/01_Product_Vision/01_FOUNDATION/Knowledge_Engineering/SymK_Foundation_Paper_Knowledge_Engineering_v0.1.pdf
Knowledge Engineering,markdown_link,629,629,19,References,Publisher record -> https://doi.org/10.1023/A:1008653328901,00_GOVERNANCE/01_Product_Vision/01_FOUNDATION/Knowledge_Engineering/SymK_Foundation_Paper_Knowledge_Engineering_v0.1.md,00_GOVERNANCE/01_Product_Vision/01_FOUNDATION/Knowledge_Engineering/SymK_Foundation_Paper_Knowledge_Engineering_v0.1.pdf
Knowledge Engineering,markdown_link,630,630,19,References,Open text -> https://people.dbmi.columbia.edu/~ehs7001/Buchanan-Shortliffe-1984/,00_GOVERNANCE/01_Product_Vision/01_FOUNDATION/Knowledge_Engineering/SymK_Foundation_Paper_Knowledge_Engineering_v0.1.md,00_GOVERNANCE/01_Product_Vision/01_FOUNDATION/Knowledge_Engineering/SymK_Foundation_Paper_Knowledge_Engineering_v0.1.pdf
Knowledge Engineering,markdown_link,631,631,19,References,Archival record -> https://apps.dtic.mil/sti/citations/ADA046289,00_GOVERNANCE/01_Product_Vision/01_FOUNDATION/Knowledge_Engineering/SymK_Foundation_Paper_Knowledge_Engineering_v0.1.md,00_GOVERNANCE/01_Product_Vision/01_FOUNDATION/Knowledge_Engineering/SymK_Foundation_Paper_Knowledge_Engineering_v0.1.pdf
Knowledge Engineering,markdown_link,632,632,19,References,Publisher record -> https://doi.org/10.1177/0306312793023003002,00_GOVERNANCE/01_Product_Vision/01_FOUNDATION/Knowledge_Engineering/SymK_Foundation_Paper_Knowledge_Engineering_v0.1.md,00_GOVERNANCE/01_Product_Vision/01_FOUNDATION/Knowledge_Engineering/SymK_Foundation_Paper_Knowledge_Engineering_v0.1.pdf
Knowledge Engineering,markdown_link,633,633,19,References,Publisher record -> https://doi.org/10.1006/knac.1993.1008,00_GOVERNANCE/01_Product_Vision/01_FOUNDATION/Knowledge_Engineering/SymK_Foundation_Paper_Knowledge_Engineering_v0.1.md,00_GOVERNANCE/01_Product_Vision/01_FOUNDATION/Knowledge_Engineering/SymK_Foundation_Paper_Knowledge_Engineering_v0.1.pdf
Knowledge Engineering,markdown_link,634,634,19,References,Open manuscript -> https://arxiv.org/abs/2003.02320,00_GOVERNANCE/01_Product_Vision/01_FOUNDATION/Knowledge_Engineering/SymK_Foundation_Paper_Knowledge_Engineering_v0.1.md,00_GOVERNANCE/01_Product_Vision/01_FOUNDATION/Knowledge_Engineering/SymK_Foundation_Paper_Knowledge_Engineering_v0.1.pdf
Knowledge Engineering,markdown_link,635,635,19,References,Publisher record -> https://doi.org/10.1016/0004-3702(82,00_GOVERNANCE/01_Product_Vision/01_FOUNDATION/Knowledge_Engineering/SymK_Foundation_Paper_Knowledge_Engineering_v0.1.md,00_GOVERNANCE/01_Product_Vision/01_FOUNDATION/Knowledge_Engineering/SymK_Foundation_Paper_Knowledge_Engineering_v0.1.pdf
Knowledge Engineering,markdown_link,636,636,19,References,Publisher record -> https://doi.org/10.1287/orsc.5.1.14,00_GOVERNANCE/01_Product_Vision/01_FOUNDATION/Knowledge_Engineering/SymK_Foundation_Paper_Knowledge_Engineering_v0.1.md,00_GOVERNANCE/01_Product_Vision/01_FOUNDATION/Knowledge_Engineering/SymK_Foundation_Paper_Knowledge_Engineering_v0.1.pdf
Knowledge Engineering,markdown_link,638,638,19,References,Publisher record -> https://mitpress.mit.edu/9780262193009/knowledge-engineering-and-management/,00_GOVERNANCE/01_Product_Vision/01_FOUNDATION/Knowledge_Engineering/SymK_Foundation_Paper_Knowledge_Engineering_v0.1.md,00_GOVERNANCE/01_Product_Vision/01_FOUNDATION/Knowledge_Engineering/SymK_Foundation_Paper_Knowledge_Engineering_v0.1.pdf
Knowledge Engineering,markdown_link,640,640,19,References,Publisher record -> https://doi.org/10.1016/S0169-023X(97,00_GOVERNANCE/01_Product_Vision/01_FOUNDATION/Knowledge_Engineering/SymK_Foundation_Paper_Knowledge_Engineering_v0.1.md,00_GOVERNANCE/01_Product_Vision/01_FOUNDATION/Knowledge_Engineering/SymK_Foundation_Paper_Knowledge_Engineering_v0.1.pdf
Knowledge Engineering,markdown_link,641,641,19,References,Specification -> https://www.w3.org/TR/owl2-overview/,00_GOVERNANCE/01_Product_Vision/01_FOUNDATION/Knowledge_Engineering/SymK_Foundation_Paper_Knowledge_Engineering_v0.1.md,00_GOVERNANCE/01_Product_Vision/01_FOUNDATION/Knowledge_Engineering/SymK_Foundation_Paper_Knowledge_Engineering_v0.1.pdf
Knowledge Engineering,markdown_link,642,642,19,References,Publisher record -> https://doi.org/10.1016/1042-8143(92,00_GOVERNANCE/01_Product_Vision/01_FOUNDATION/Knowledge_Engineering/SymK_Foundation_Paper_Knowledge_Engineering_v0.1.md,00_GOVERNANCE/01_Product_Vision/01_FOUNDATION/Knowledge_Engineering/SymK_Foundation_Paper_Knowledge_Engineering_v0.1.pdf
Knowledge Engineering,blockquote_callout,26,26,8,Abstract,"Knowledge Engineering does not engineer truth or Knowledge directly. It engineers accountable and evolvable conditions under which epistemic achievements can arise, become shareable, guide action, survive challenge, and remain open to correction.",00_GOVERNANCE/01_Product_Vision/01_FOUNDATION/Knowledge_Engineering/SymK_Foundation_Paper_Knowledge_Engineering_v0.1.md,00_GOVERNANCE/01_Product_Vision/01_FOUNDATION/Knowledge_Engineering/SymK_Foundation_Paper_Knowledge_Engineering_v0.1.pdf
Knowledge Engineering,blockquote_callout,63,63,5,2. The inherited definition and what it gets right,"Knowledge Engineering is the discipline concerned with building systems that represent, reason about, and apply knowledge, rather than merely data or information.",00_GOVERNANCE/01_Product_Vision/01_FOUNDATION/Knowledge_Engineering/SymK_Foundation_Paper_Knowledge_Engineering_v0.1.md,00_GOVERNANCE/01_Product_Vision/01_FOUNDATION/Knowledge_Engineering/SymK_Foundation_Paper_Knowledge_Engineering_v0.1.pdf
Knowledge Engineering,blockquote_callout,191,191,8,5. The central correction: Knowledge Engineering engineers epistemic conditions,"Knowledge Engineering does not engineer truth or Knowledge directly. It engineers accountable and evolvable conditions under which epistemic achievements can arise, become shareable, guide action, survive challenge, and remain open to correction.",00_GOVERNANCE/01_Product_Vision/01_FOUNDATION/Knowledge_Engineering/SymK_Foundation_Paper_Knowledge_Engineering_v0.1.md,00_GOVERNANCE/01_Product_Vision/01_FOUNDATION/Knowledge_Engineering/SymK_Foundation_Paper_Knowledge_Engineering_v0.1.pdf
Knowledge Engineering,blockquote_callout,227,227,9,6.5 Generative acquisition,Generative AI accelerates proposition. It does not automate epistemic warrant.,00_GOVERNANCE/01_Product_Vision/01_FOUNDATION/Knowledge_Engineering/SymK_Foundation_Paper_Knowledge_Engineering_v0.1.md,00_GOVERNANCE/01_Product_Vision/01_FOUNDATION/Knowledge_Engineering/SymK_Foundation_Paper_Knowledge_Engineering_v0.1.pdf
Knowledge Engineering,blockquote_callout,237,237,10,"7. Representation is projection, not preservation without remainder","Objects are described through properties, and classifications are purpose-dependent projections over selected properties.",00_GOVERNANCE/01_Product_Vision/01_FOUNDATION/Knowledge_Engineering/SymK_Foundation_Paper_Knowledge_Engineering_v0.1.md,00_GOVERNANCE/01_Product_Vision/01_FOUNDATION/Knowledge_Engineering/SymK_Foundation_Paper_Knowledge_Engineering_v0.1.pdf
Knowledge Engineering,blockquote_callout,335,335,12,10. A working definition for SymK,"Knowledge Engineering, in SymK, is the disciplined design, construction, governance, evaluation, and evolution of the conditions through which Intelligences and cooperative systems can pursue, achieve, express, preserve, share, challenge, apply, and revise Knowledge responsibly within stated scopes.",00_GOVERNANCE/01_Product_Vision/01_FOUNDATION/Knowledge_Engineering/SymK_Foundation_Paper_Knowledge_Engineering_v0.1.md,00_GOVERNANCE/01_Product_Vision/01_FOUNDATION/Knowledge_Engineering/SymK_Foundation_Paper_Knowledge_Engineering_v0.1.pdf
Knowledge Engineering,blockquote_callout,613,613,12,17. Conclusion,"Knowledge Engineering, in SymK, is the disciplined design, construction, governance, evaluation, and evolution of the conditions through which Intelligences and cooperative systems can pursue, achieve, express, preserve, share, challenge, apply, and revise Knowledge responsibly within stated scopes.",00_GOVERNANCE/01_Product_Vision/01_FOUNDATION/Knowledge_Engineering/SymK_Foundation_Paper_Knowledge_Engineering_v0.1.md,00_GOVERNANCE/01_Product_Vision/01_FOUNDATION/Knowledge_Engineering/SymK_Foundation_Paper_Knowledge_Engineering_v0.1.pdf
Knowledge Engineering,blockquote_callout,617,617,8,17. Conclusion,"Knowledge Engineering does not engineer truth or Knowledge directly. It engineers accountable and evolvable conditions under which epistemic achievements can arise, become shareable, guide action, survive challenge, and remain open to correction.",00_GOVERNANCE/01_Product_Vision/01_FOUNDATION/Knowledge_Engineering/SymK_Foundation_Paper_Knowledge_Engineering_v0.1.md,00_GOVERNANCE/01_Product_Vision/01_FOUNDATION/Knowledge_Engineering/SymK_Foundation_Paper_Knowledge_Engineering_v0.1.pdf
Knowledge Engineering,blockquote_callout,623,623,18,17. Conclusion,"Knowledge is the shared medium. Cooperation is the objective. Education forms the participants. Knowledge Engineering builds and governs the conditions through which their epistemic cooperation can become cumulative, actionable, and self-correcting.",00_GOVERNANCE/01_Product_Vision/01_FOUNDATION/Knowledge_Engineering/SymK_Foundation_Paper_Knowledge_Engineering_v0.1.md,00_GOVERNANCE/01_Product_Vision/01_FOUNDATION/Knowledge_Engineering/SymK_Foundation_Paper_Knowledge_Engineering_v0.1.pdf
Knowledge Engineering,table,582,599,17,16. A practical Knowledge Engineering gate,| Dimension | Question |,00_GOVERNANCE/01_Product_Vision/01_FOUNDATION/Knowledge_Engineering/SymK_Foundation_Paper_Knowledge_Engineering_v0.1.md,00_GOVERNANCE/01_Product_Vision/01_FOUNDATION/Knowledge_Engineering/SymK_Foundation_Paper_Knowledge_Engineering_v0.1.pdf
Knowledge Engineering,text_diagram_or_code_block,134,152,7,4. The object problem: what can actually be engineered?,language=text,00_GOVERNANCE/01_Product_Vision/01_FOUNDATION/Knowledge_Engineering/SymK_Foundation_Paper_Knowledge_Engineering_v0.1.md,00_GOVERNANCE/01_Product_Vision/01_FOUNDATION/Knowledge_Engineering/SymK_Foundation_Paper_Knowledge_Engineering_v0.1.pdf
Knowledge Engineering,pdf_structure,1,19,1,Publication projection,19 A4 pages; Tagged=no; embedded raster images=0,00_GOVERNANCE/01_Product_Vision/01_FOUNDATION/Knowledge_Engineering/SymK_Foundation_Paper_Knowledge_Engineering_v0.1.md,00_GOVERNANCE/01_Product_Vision/01_FOUNDATION/Knowledge_Engineering/SymK_Foundation_Paper_Knowledge_Engineering_v0.1.pdf
Knowledge Engineering,pdf_generated_contents,0,0,4,Publication projection,Generated contents page not present as a Markdown heading,00_GOVERNANCE/01_Product_Vision/01_FOUNDATION/Knowledge_Engineering/SymK_Foundation_Paper_Knowledge_Engineering_v0.1.md,00_GOVERNANCE/01_Product_Vision/01_FOUNDATION/Knowledge_Engineering/SymK_Foundation_Paper_Knowledge_Engineering_v0.1.pdf
