source_id,path,sha256,artifact_class,declared_status,current_authority,preopening_route
CS-001,00_GOVERNANCE/02_Axioms/Constitution_vNext/README.md,15eff41fa5170571595ba7905e944507b39224d389af2472d67a3182d4e0c82a,package orientation,canonical review structure,structural location only,"refresh after accepted 2.1; preserve Proposed contents"
CS-002,00_GOVERNANCE/02_Axioms/Constitution_vNext/CANONICAL_BASELINE.md,6e9b6657847edf5ec3ec2afcfdb8cbde00a20b2f2a40d3ca5b332899a58a5bcf,working-baseline notice,canonical package notice,structural and interpretation control,"update source state only after formal 2.2 opening"
CS-003,00_GOVERNANCE/02_Axioms/Constitution_vNext/00A_CONSTITUTIONAL_SOURCES.md,06cf96e9654ca8a78d502dfc67a6b981dfa90e51cb7caf8d096ceecbdf352dd8,source map,Proposed,no normative force,"rebuild proposition-level lineage against DR-009–018 and Human-reviewed v0.2"
CS-004,00_GOVERNANCE/02_Axioms/Constitution_vNext/00B_AXIOM_DOCUMENT_STANDARD.md,4936f45c3c3b38352462698a7d86c107bacfd4e3a98e72ec7d25a742b4f710ac,axiom document standard,Proposed scaffold standard,no constitutional force,"test and accept/revise admission anatomy before Candidate promotion"
CS-005,00_GOVERNANCE/02_Axioms/Constitution_vNext/00_CONSTITUTION_CANDIDATE.md,da0095cc097408c7419ad82b5f08cd66fdfb20aea453a5de0e0e93abe5d6f880,constitutional umbrella,Proposed and unratified,deliberative only,"preserve compatible purpose/scope; reconstruct stale axiom summaries"
CS-006,00_GOVERNANCE/02_Axioms/Constitution_vNext/01_AXIOM_INDEX.md,1ad34f0097786473f1a8ac66ca750e0b41e171171a56385d60419a42ec3d53ae,axiom index,Proposed inventory,none beyond declared status,"apply necessity independence class and minimal-set decisions"
CS-007,00_GOVERNANCE/02_Axioms/Constitution_vNext/axioms/A0_Cooperative_Purpose.md,a0a33f289581a4b0e7b26effce3d05e3e47a844382104a14e1991421ae17afdb,axiom exposition,Proposed and unratified,deliberative only,"substantive reconstruction or replacement; cooperation cannot be final objective"
CS-008,00_GOVERNANCE/02_Axioms/Constitution_vNext/axioms/A1_Epistemic_Humility.md,8abda500b1e023b7304273824256e17f28dcff1293f83609082a2eec2a4c50f4,axiom exposition,Proposed and unratified,deliberative only,"refresh sources and test independence/minimality against A4"
CS-009,00_GOVERNANCE/02_Axioms/Constitution_vNext/axioms/A2_Governed_Role_Allocation.md,ecce00a5b8ab2054ce8c0afcf33542b74a30249ebaedc79aee5359dd75a40db2,axiom exposition,Proposed and unratified,deliberative only,"decompose role Authority Authorization Responsibility and standing"
CS-010,00_GOVERNANCE/02_Axioms/Constitution_vNext/axioms/A3_Cooperative_Formation.md,a8dfbb8ab015c18c49a8a9ad8bc749bbc6b6520e1199c26c2f8668861e47a09d,axiom exposition,Proposed and unratified,deliberative only,"remove universal Education/Training necessity; test narrower Formation route"
CS-011,00_GOVERNANCE/02_Axioms/Constitution_vNext/axioms/A4_Engineering_Epistemic_Conditions.md,5e9e7d88dd834ddb7e4fbd360fd8be937fc03cc3ea585427851b60922be76201,axiom exposition,Proposed and unratified,deliberative only,"refresh sources; decide constitutional limit versus S2 principle"
CS-012,00_GOVERNANCE/02_Axioms/Constitution_vNext/axioms/A6_Constitutional_Inheritance.md,537eca827e7c06bf3cb5756d3ce537728dacd2c6147e23257b242421095ccacf,axiom exposition,Proposed and unratified,deliberative only,"decide artifact class and coordinate exception/compatibility procedure with 2.3"
CS-013,00_GOVERNANCE/02_Axioms/Constitution_vNext/jurisdiction/J1_Philosophical_and_Engineering_Jurisdiction.md,c02c399dee9e712edfb0a2efa125ad8dd0c25e42eea73c0b0a88a5c9a1ec94a1,jurisdiction article,Proposed and unratified,deliberative only,"reconcile DR-017 identity; decide force and interpretive relation through 2.3"
CS-014,00_GOVERNANCE/02_Axioms/Constitution_vNext/02_NORMATIVE_HIERARCHY.md,cd0871d0bb5843e1caac59cd03d69979ca9abef5dd361f2cd4b7222075968a60,governance model,Proposed constitutional model,DR-005 program direction only,"preserve two-axis model; normalize authority kinds and status effects in 2.3"
CS-015,00_GOVERNANCE/02_Axioms/Constitution_vNext/03_CONFLICT_AND_CHALLENGE_PROTOCOL.md,ae9277f53f0d9f68805a61d2f031dc5b9457a42b2eaf6975ea15eaa192538805,conflict protocol,Proposed directional baseline,DR-005 program direction only,"retain direction rules; replace containment-duty language; supply procedure in 2.3"
CS-016,00_GOVERNANCE/02_Axioms/Constitution_vNext/04_EXISTING_DOCUMENT_DISPOSITION.md,5407cedd3f582dccb2c084f4cc2b40699a091a14088728185b0e552ad92d3f32,legacy-disposition scaffold,Proposed audit scaffold,none,"use as impact evidence only; final disposition belongs to 2.4 after Ratification"
CS-017,00_GOVERNANCE/02_Axioms/Constitution_vNext/05_DERIVED_PROJECT_COMPATIBILITY_TEMPLATE.md,4e2c3fabf2ea0fba78b5c2d5bb31f2efbf645f89182983bed8cb1c5f9702d4f8,compatibility template,working Proposed template,none,"use for counterexamples; final inheritance mechanics belong to 2.6"
CS-018,00_GOVERNANCE/02_Axioms/Constitution_vNext/06_RATIFICATION_AND_MIGRATION_PLAN.md,aa55cabaed207b56e3325c9ed23e06f47b576bb2e9a9a569e45c3dc26b03876d,ratification plan,Proposed,none,"replace circular deliberation/ratification sequence with 2.3A/2.3R transition"
CS-019,00_GOVERNANCE/02_Axioms/AXIOM_Symbiotic_Cooperation_Roles.md,8984d839f133e4fafdaf63fb8a9d4a6fe948d917aea3ac07c466b80ef033cfe6,legacy axiom,current legacy canonical claim,pending explicit disposition,"preserve; map fixed Human/AI roles; no 2.4 disposition before 2.3R"
CS-020,00_GOVERNANCE/02_Axioms/AXIOM_SymK_Is_A_Meta_PLC_Compiler.md,f7eb4dbc030debfaf3728fb0e9a6534e15fd367c44bb9a6c4536e2eee64688f1,legacy axiom,current legacy canonical claim,pending explicit disposition,"preserve; test architecture-versus-universal distinction; defer disposition to 2.4"
CS-021,00_GOVERNANCE/02_Axioms/SymK_Axiom_Pool_Exclusivity.md,a74f1f63d044611077926acac6d4dc03d225d8e9b1dd45a656565deb62f57841,legacy axiom,current legacy canonical claim,pending explicit disposition,"preserve; test infrastructure-policy classification; defer disposition to 2.4"
CS-022,00_GOVERNANCE/02_Axioms/SymK_Philosophy.md,cfd03534ddf2d7931706a9a5186d1deab5a4708c41818bf587194b08c881c371,legacy philosophy,current legacy artifact,evidentiary and pending disposition,"preserve rhetoric/history; proposition-specific selection only"
